twitter_id,date,tweet
1369744020763774979,2021-03-10 20:16:37+00:00,b'https://t.co/kpKzPzfODn'
1369712119277522944,2021-03-10 18:09:51+00:00,b'https://t.co/fKXu8Lp7KX'
1369712089556680709,2021-03-10 18:09:44+00:00,b'https://t.co/BFZn4zUqPb'
1369712056933347329,2021-03-10 18:09:37+00:00,b'https://t.co/Es72bTgYwb'
1369712022150025216,2021-03-10 18:09:28+00:00,b'https://t.co/uVNIwe7zCG'
1369711973592526853,2021-03-10 18:09:17+00:00,b'https://t.co/VyyCuVS5pq'
1369247344093462531,2021-03-09 11:23:00+00:00,b'https://t.co/lgeoi7eWbK'
1369247257321701377,2021-03-09 11:22:40+00:00,b'https://t.co/QoGsSnurFB'
1369247231551934468,2021-03-09 11:22:34+00:00,b'https://t.co/wgXlgW4bEk'
1369247204968456192,2021-03-09 11:22:27+00:00,b'https://t.co/oYKh0e3L0a'
1369247179592916993,2021-03-09 11:22:21+00:00,b'https://t.co/zXEChzOGX0'
1369247153835675650,2021-03-09 11:22:15+00:00,b'https://t.co/vCs8teqAyu'
1369247128485265408,2021-03-09 11:22:09+00:00,b'https://t.co/k1neE0wCyA'
1369247105294929923,2021-03-09 11:22:03+00:00,b'https://t.co/YtH5NFLFdb'
1369247079084736520,2021-03-09 11:21:57+00:00,b'https://t.co/gYmWlq8VRo'
1369247054170628104,2021-03-09 11:21:51+00:00,b'https://t.co/K9a1Hm1LbV'
1369247035312967684,2021-03-09 11:21:47+00:00,b'https://t.co/rP35X5S5wf'
1369012377111429122,2021-03-08 19:49:20+00:00,b'https://t.co/aCL2sardhu'
1368989132261834757,2021-03-08 18:16:58+00:00,"b'Lamento profundamente el fallecimiento de mi querido amigo @cepillintv icono de la Televisi\xc3\xb3n Mexicana. Mis condolencias para Ricardo, Franky y toda su familia y amigos. Te vamos a extra\xc3\xb1ar mucho. Descanse en paz. https://t.co/0OmWeIVDkz'"
1368966632958201861,2021-03-08 16:47:34+00:00,b'https://t.co/rM1t3ESYIA'
1368966579338248194,2021-03-08 16:47:21+00:00,b'EXATL\xc3\x93N: el Fen\xc3\xb3meno de la Televisi\xc3\xb3n Mexicana @AztecaUNO https://t.co/rUDlJAMWb1'
1368868698312806401,2021-03-08 10:18:24+00:00,b'https://t.co/ouF0M4bLDh'
1368868673738448896,2021-03-08 10:18:18+00:00,b'https://t.co/01RvniFUjg'
1368868651802259456,2021-03-08 10:18:13+00:00,b'https://t.co/vwCaNUVzPO'
1368868626296627200,2021-03-08 10:18:07+00:00,b'https://t.co/ysLHCMoG0f'
1368868607095111685,2021-03-08 10:18:02+00:00,b'https://t.co/T45iEGxlCj'
1368868585813245955,2021-03-08 10:17:57+00:00,b'https://t.co/NPjSMKWfwU'
1368868570059468801,2021-03-08 10:17:54+00:00,b'https://t.co/77qFOJ6Ttq'
1368680980547043332,2021-03-07 21:52:29+00:00,b'https://t.co/kGJMHshvBB'
1368680954550759427,2021-03-07 21:52:23+00:00,b'https://t.co/MoHjK6c7zw'
1368680937567948804,2021-03-07 21:52:19+00:00,b'https://t.co/lYbZetlcvQ'
1368575874086342657,2021-03-07 14:54:49+00:00,b'Ciudad de M\xc3\xa9xico \xf0\x9f\x87\xb2\xf0\x9f\x87\xbd les deseo estupendo Domingo y que Dios les bendiga... y saluden que no dormimos juntos \xf0\x9f\x98\x83 https://t.co/wXINnpdY0G'
1368550533372477446,2021-03-07 13:14:08+00:00,b'https://t.co/MJCL5oKUbU'
1368550509175521280,2021-03-07 13:14:02+00:00,b'https://t.co/bz1owzbEfR'
1368550478942978050,2021-03-07 13:13:55+00:00,b'https://t.co/tpIPSGTo6m'
1368550443081728000,2021-03-07 13:13:46+00:00,b'https://t.co/9ppR9aNFBz'
1368550417186107397,2021-03-07 13:13:40+00:00,b'https://t.co/aG3neinRpe'
1368550390992695303,2021-03-07 13:13:34+00:00,b'https://t.co/SKpf45Rpty'
1368550365742915584,2021-03-07 13:13:28+00:00,b'https://t.co/XUOLXmkNzm'
1368550340732272647,2021-03-07 13:13:22+00:00,b'https://t.co/QxQwNfRA15'
1368550316686405637,2021-03-07 13:13:16+00:00,b'https://t.co/kQ6BpSogtj'
1368550297149267973,2021-03-07 13:13:11+00:00,b'https://t.co/XeGDWitZTj'
1368339594450763784,2021-03-06 23:15:56+00:00,b'EXATL\xc3\x93N: el Fen\xc3\xb3meno de la Televisi\xc3\xb3n Mexicana @AztecaUNO https://t.co/YUvKCnXTiH'
1368339428071124992,2021-03-06 23:15:16+00:00,b'https://t.co/1WCouJvkHq'
1368339409603604483,2021-03-06 23:15:12+00:00,b'https://t.co/DqZOVgoRdK'
1368339392302096386,2021-03-06 23:15:08+00:00,b'https://t.co/Krpn6iSmLn'
1368259360447725568,2021-03-06 17:57:07+00:00,b'Sabadeando https://t.co/nPb0Gz15kQ'
1368224724241809408,2021-03-06 15:39:29+00:00,b'https://t.co/Yw4wSINqgY'
1368224699419885575,2021-03-06 15:39:23+00:00,b'https://t.co/8Urqpfl6EW'
1368224679106904065,2021-03-06 15:39:18+00:00,b'https://t.co/PR62boMXAo'
1368176192600350727,2021-03-06 12:26:38+00:00,b'https://t.co/LDGr64OuiM'
1368176165463207944,2021-03-06 12:26:31+00:00,b'https://t.co/YofvOXANZE'
1368176135775879169,2021-03-06 12:26:24+00:00,b'https://t.co/qysnark34V'
1368176114800136201,2021-03-06 12:26:19+00:00,b'https://t.co/GXE0lYHKIu'
1368176094373965841,2021-03-06 12:26:15+00:00,b'https://t.co/jLsk5zHq2d'
1368176075004592132,2021-03-06 12:26:10+00:00,b'https://t.co/EFac7KGWjv'
1368166837385633797,2021-03-06 11:49:28+00:00,b'Les deseo estupendo S\xc3\xa1bado y que Dios les bendiga... y saluden que no dormimos juntos \xf0\x9f\x98\x80 https://t.co/pVKStjZxC1'
1368004368361000962,2021-03-06 01:03:52+00:00,b'Y juntos somos m\xc3\xa1s fuertes y podemos ayudar. https://t.co/nHQJJamloW'
1367994832019423232,2021-03-06 00:25:58+00:00,b'https://t.co/nJuuylTbvL'
1367994809668034566,2021-03-06 00:25:53+00:00,b'https://t.co/VC5e9Qkzca'
1367994788209963009,2021-03-06 00:25:48+00:00,b'https://t.co/5ijGeaj0Mr'
1367994757268574208,2021-03-06 00:25:40+00:00,b'Los juguetes... #Hobbie #Biker https://t.co/gLoIZESGBU'
1367994659360882689,2021-03-06 00:25:17+00:00,b'Cerrando la semana. Miami \xf0\x9f\x87\xba\xf0\x9f\x87\xb8 https://t.co/ouMkKOFWQO'
1367920824116797441,2021-03-05 19:31:53+00:00,b'https://t.co/gTwgVlMSd5'
1367920802130169858,2021-03-05 19:31:48+00:00,b'https://t.co/v6hAIfrOFW'
1367920779787186179,2021-03-05 19:31:43+00:00,b'https://t.co/xGusuS6Ui7'
1367917944194408453,2021-03-05 19:20:27+00:00,b'EXATL\xc3\x93N: el Fen\xc3\xb3meno de la Televisi\xc3\xb3n Mexicana @AztecaUNO @azteca https://t.co/8HHNSVT8Ry'
1367916924106141699,2021-03-05 19:16:24+00:00,b'\xc2\xa1 Gracias a la audiencia ! @VengaLaAlegria @AztecaUNO https://t.co/HraDH271yb'
1367909312820092929,2021-03-05 18:46:09+00:00,b'EXATL\xc3\x93N: el Fen\xc3\xb3meno de la Televisi\xc3\xb3n Mexicana @AztecaUNO https://t.co/7TPRdEsxC2'
1367863174964346880,2021-03-05 15:42:49+00:00,b'\xf0\x9f\x99\x8f\xf0\x9f\x8f\xbb\xf0\x9f\x99\x8f\xf0\x9f\x8f\xbb\xf0\x9f\x99\x8f\xf0\x9f\x8f\xbb https://t.co/DSuGuTIHIW'
1367859353802440709,2021-03-05 15:27:38+00:00,b'https://t.co/ooSPcHlT9j'
1367785584278855681,2021-03-05 10:34:30+00:00,b'Hoy a las 7:30 de la noche: Gran Final @MasterChefMx @AztecaUNO https://t.co/2Vp30Ovuhz'
1367784300154941441,2021-03-05 10:29:24+00:00,b'Hola querido \xf0\x9f\x8c\x8e les deseo estupendo Viernes y que Dios les bendiga... y saluden que no dormimos juntos \xf0\x9f\x98\x80 https://t.co/Nka2FXp9Lv'
1367780499016548353,2021-03-05 10:14:17+00:00,b'https://t.co/UuVw89JF1F'
1367780465076273152,2021-03-05 10:14:09+00:00,b'https://t.co/PfOJtPJgGi'
1367780425154899970,2021-03-05 10:14:00+00:00,b'https://t.co/dwRnB5gvak'
1367780397216579584,2021-03-05 10:13:53+00:00,b'https://t.co/aeogJmRfqu'
1367780367198023683,2021-03-05 10:13:46+00:00,b'https://t.co/FQTIx425MQ'
1367780344804556802,2021-03-05 10:13:40+00:00,b'https://t.co/7CVt89b2Rp'
1367780317759762435,2021-03-05 10:13:34+00:00,b'https://t.co/7aeWTz4y3h'
1367780295005601794,2021-03-05 10:13:29+00:00,b'https://t.co/elCaJzTRRM'
1367780273962778625,2021-03-05 10:13:24+00:00,b'https://t.co/dAaJkgYfU6'
1367628701924491264,2021-03-05 00:11:06+00:00,b'Felicidades a todo el equipo de @VengaLaAlegria el mejor matutino de la Televisi\xc3\xb3n Mexicana @AztecaUNO https://t.co/um1MaEPQH0'
1367513420120150019,2021-03-04 16:33:01+00:00,b'https://t.co/7nwajDLWn5'
1367511168697462784,2021-03-04 16:24:04+00:00,b'https://t.co/0xy5gT2WRY'
1367500092387778562,2021-03-04 15:40:03+00:00,b'https://t.co/rHI1EkygrA'
1367499958836936712,2021-03-04 15:39:31+00:00,b'https://t.co/AGCHhUk78P'
1367499929980186624,2021-03-04 15:39:24+00:00,b'https://t.co/8mLGcUZG2L'
1367486515165745157,2021-03-04 14:46:06+00:00,b'https://t.co/3Jr7TuFD0h'
1367413823955697667,2021-03-04 09:57:15+00:00,b'https://t.co/DCrCEJzBFH'
1367413801604313090,2021-03-04 09:57:10+00:00,b'https://t.co/SdO0kFjWyJ'
1367413776295862272,2021-03-04 09:57:04+00:00,b'https://t.co/3vFK9Hk1vp'
1367413754506453012,2021-03-04 09:56:59+00:00,b'https://t.co/nUMx4VbHhE'
1367413735258791936,2021-03-04 09:56:54+00:00,b'https://t.co/XQHHja0fp2'
1367413710076182529,2021-03-04 09:56:48+00:00,b'https://t.co/YCwqzVbu8P'
1367413690346184705,2021-03-04 09:56:43+00:00,b'https://t.co/SzDAxxqvG7'
1367413670834274307,2021-03-04 09:56:39+00:00,b'https://t.co/w4Cla15F6s'
1367071951559286785,2021-03-03 11:18:46+00:00,b'https://t.co/FimZXnwrvA'
1367071926984794112,2021-03-03 11:18:41+00:00,b'https://t.co/QrcFJVjOO6'
1367071900778827776,2021-03-03 11:18:34+00:00,b'https://t.co/yPmhOAQChJ'
1367071875050962954,2021-03-03 11:18:28+00:00,b'https://t.co/csXXBhsZ2X'
1367071850103263232,2021-03-03 11:18:22+00:00,b'https://t.co/RzVb8FGdZz'
1367071825713332225,2021-03-03 11:18:16+00:00,b'https://t.co/BmMAow5An9'
1367071800685953025,2021-03-03 11:18:10+00:00,b'https://t.co/17Z42lpxdc'
1367071781979361284,2021-03-03 11:18:06+00:00,b'https://t.co/3aUiXxOfU8'
1367071759040659459,2021-03-03 11:18:00+00:00,b'https://t.co/KiGkvzbDEl'
1367071740539662337,2021-03-03 11:17:56+00:00,b'https://t.co/cYWr5WuEX0'
1367071722080452609,2021-03-03 11:17:52+00:00,b'https://t.co/q82kAyPGch'
1366866778668769280,2021-03-02 21:43:29+00:00,b'https://t.co/uTLgwpVASn'
1366866756791242752,2021-03-02 21:43:24+00:00,b'https://t.co/PU9LFGQMMv'
1366866739640766466,2021-03-02 21:43:20+00:00,b'https://t.co/4CfwopXleb'
1366762319414505475,2021-03-02 14:48:24+00:00,b'Hoy @Al3jandraGuzman a las 4:30 de la tarde @MimiContigo @AztecaUNO https://t.co/J7h7ifm6Mw'
1366714753754796033,2021-03-02 11:39:24+00:00,b'Gran Estreno @mexico_survivor el Mi\xc3\xa9rcoles 24 de Marzo @AztecaUNO https://t.co/Ah4ziXraXZ'
1366708110254084101,2021-03-02 11:13:00+00:00,b'https://t.co/Y2MGlZf8vH'
1366708085235085313,2021-03-02 11:12:54+00:00,b'https://t.co/3ZAP6qf4JM'
1366708061591793665,2021-03-02 11:12:48+00:00,b'https://t.co/vQt9GzZ0bg'
1366708036266524674,2021-03-02 11:12:42+00:00,b'https://t.co/5qIsbaH4hC'
1366708011813773318,2021-03-02 11:12:36+00:00,b'https://t.co/82GGkDHcHH'
1366707988619268099,2021-03-02 11:12:31+00:00,b'https://t.co/LphBTfTTwc'
1366707967169622016,2021-03-02 11:12:26+00:00,b'https://t.co/oOE4R8k477'
1366707947183693827,2021-03-02 11:12:21+00:00,b'https://t.co/qjfToJibuF'
1366586835741401089,2021-03-02 03:11:06+00:00,b'https://t.co/bD0TRrgT2a'
1366586815130578945,2021-03-02 03:11:01+00:00,b'https://t.co/FafZBV7WZQ'
1366586799007612928,2021-03-02 03:10:57+00:00,b'https://t.co/XkBNzqr8Lg'
1366492086367887363,2021-03-01 20:54:36+00:00,b'https://t.co/90IOHT9NgW'
1366475530728529927,2021-03-01 19:48:49+00:00,b'Hoy a las 4:30 de la tarde el esperado estreno de @MimiContigo @AztecaUNO https://t.co/K1XtZ7jskl'
1366462709080932353,2021-03-01 18:57:52+00:00,b'Bienvenido a M\xc3\xa9xico querido @NinoProdigio ... sabes que @azteca es siempre tu casa. https://t.co/PWKcwBsTg5'
1366456588794556418,2021-03-01 18:33:32+00:00,b'https://t.co/ezIhJQihIA https://t.co/Bzgf8VNbxh'
1366429794099994626,2021-03-01 16:47:04+00:00,b'Gracias a la audiencia un gran fin de semana @AztecaUNO @AztecaSiete @azteca https://t.co/TTcOvDPWRb'
1366342483937026049,2021-03-01 11:00:08+00:00,b'https://t.co/doHZhguv2n'
1366342450042703872,2021-03-01 11:00:00+00:00,b'https://t.co/YmHH9DVr6s'
1366342422523961346,2021-03-01 10:59:53+00:00,b'https://t.co/jaPlXR6RvR'
1366342399631511552,2021-03-01 10:59:48+00:00,b'https://t.co/SkpbuhSpNk'
1366342379872145408,2021-03-01 10:59:43+00:00,b'https://t.co/xOHFxZDPGT'
1366342358007246850,2021-03-01 10:59:38+00:00,b'https://t.co/6eAFCTFOlr'
1366342334233931778,2021-03-01 10:59:32+00:00,b'https://t.co/E0lapS35ZU'
1366342312478076938,2021-03-01 10:59:27+00:00,b'https://t.co/OTroj1Rhb9'
1366342292299218946,2021-03-01 10:59:22+00:00,b'https://t.co/2p4WWRiCti'
1366342274620264455,2021-03-01 10:59:18+00:00,b'https://t.co/2dA1qDUm1u'
1366073288305348608,2021-02-28 17:10:27+00:00,b'https://t.co/B5Ofddeg8T'
1366057398906081286,2021-02-28 16:07:18+00:00,b'https://t.co/QVfJXoPYWB'
1366057357546033158,2021-02-28 16:07:08+00:00,b'https://t.co/wUYwxmjtuo'
1366057203011121154,2021-02-28 16:06:31+00:00,b'https://t.co/DA9XMFOOuO'
1366054328780410882,2021-02-28 15:55:06+00:00,b'FE. M\xc3\xa9xico \xf0\x9f\x87\xb2\xf0\x9f\x87\xbd https://t.co/AxGm0Yx7O2'
1366054275189772291,2021-02-28 15:54:53+00:00,b'Casual... https://t.co/oaElu3MiJw'
1366025733194342405,2021-02-28 14:01:28+00:00,"b'Descanse en paz mi querida Martica. Por varios a\xc3\xb1os me hizo feliz tu sonrisa, tu charla y el delicioso caf\xc3\xa9 que me llevabas a la oficina. Gracias por tanto. Mis condolencias a su familia y amigos. https://t.co/YnTrhcS3FQ'"
1365984878643281923,2021-02-28 11:19:08+00:00,b'https://t.co/siou87YXC0'
1365984850600206340,2021-02-28 11:19:01+00:00,b'https://t.co/j0F0nUYDEB'
1365984828001316865,2021-02-28 11:18:56+00:00,b'https://t.co/k61tf5y4vT'
1365984802063732737,2021-02-28 11:18:50+00:00,b'https://t.co/Cq4KU2W2iG'
1365984777065619458,2021-02-28 11:18:44+00:00,b'https://t.co/TzTWP8UPdh'
1365984752709304322,2021-02-28 11:18:38+00:00,b'https://t.co/DW1w7MVHo6'
1365984726893395970,2021-02-28 11:18:32+00:00,b'https://t.co/gmspCCIPz1'
1365984703287820289,2021-02-28 11:18:26+00:00,b'https://t.co/A8BSi63GoG'
1365984681985003520,2021-02-28 11:18:21+00:00,b'https://t.co/OGrVKmNZhG'
1365984658568196098,2021-02-28 11:18:16+00:00,b'https://t.co/Am02Jk2kZJ'
1365984639375007746,2021-02-28 11:18:11+00:00,b'https://t.co/dD5lPRDHKS'
1365854695143706631,2021-02-28 02:41:50+00:00,b'https://t.co/Ajp86RQqgG'
1365853241389559808,2021-02-28 02:36:03+00:00,b'https://t.co/kWykaHkXnb'
1365853220309000199,2021-02-28 02:35:58+00:00,b'https://t.co/y7uPRG3H0a'
1365853196585992194,2021-02-28 02:35:53+00:00,b'https://t.co/kCRNOu6OxA'
1365821843266015233,2021-02-28 00:31:17+00:00,b'Muy pronto por @amastv @azteca https://t.co/DSrEZ0uYVh'
1365769520145707012,2021-02-27 21:03:23+00:00,b'Hoy a las 9 de la noche en la Casa del Boxeo tenemos gran funci\xc3\xb3n @AztecaSiete @AztecaDeportes https://t.co/qoYUFpEAoZ'
1365766991609528327,2021-02-27 20:53:20+00:00,b'https://t.co/a2N3Vw8bkg'
1365766846444691462,2021-02-27 20:52:45+00:00,b'https://t.co/gm5UfQFlJD'
1365766828031700995,2021-02-27 20:52:41+00:00,b'https://t.co/MNc7qmhIeH'
1365766070150311936,2021-02-27 20:49:40+00:00,b'Eres un gran profesional y un extraordinario ser humano @Horacitu y te queremos y admiramos. https://t.co/m5XP3KdlNV'
1365765696714649601,2021-02-27 20:48:11+00:00,b'Much\xc3\xadsimas felicidades querida @NinfaSalinas admirable labor que beneficia a miles y miles de mexicanos. https://t.co/5CkJJqo02t'
1365705619488055299,2021-02-27 16:49:27+00:00,b'https://t.co/8V2gtpGIYf'
1365705597941927941,2021-02-27 16:49:22+00:00,b'https://t.co/48ZqeD5NUc'
1365705565712842769,2021-02-27 16:49:15+00:00,b'https://t.co/YCcLHrJEd9'
1365670253888471041,2021-02-27 14:28:56+00:00,b'https://t.co/oRuIzyzv6f'
1365670233281859586,2021-02-27 14:28:51+00:00,b'https://t.co/RQ1NYXJCh8'
1365670211232407552,2021-02-27 14:28:45+00:00,b'https://t.co/UXISIfw8wa'
1365670192983011334,2021-02-27 14:28:41+00:00,b'https://t.co/rX7fK401zY'
1365664678467301376,2021-02-27 14:06:46+00:00,b'https://t.co/QUTKcnDV8e'
1365664643952365570,2021-02-27 14:06:38+00:00,b'https://t.co/jj56HUnsX9'
1365664604429443073,2021-02-27 14:06:29+00:00,b'https://t.co/GoDPuhg2RX'
1365664578399588353,2021-02-27 14:06:22+00:00,b'https://t.co/ljr5nMxMbA'
1365664550687805444,2021-02-27 14:06:16+00:00,b'https://t.co/Yzg4PwteGA'
1365664525572317187,2021-02-27 14:06:10+00:00,b'https://t.co/lM56kZNQwH'
1365664506408562688,2021-02-27 14:06:05+00:00,b'https://t.co/8kwZTw0cCz'
1365664481846710275,2021-02-27 14:05:59+00:00,b'https://t.co/f0WvdMFT5c'
1365664452566257667,2021-02-27 14:05:52+00:00,b'https://t.co/2VInEGQRsQ'
1365664424221175816,2021-02-27 14:05:46+00:00,b'https://t.co/tWAAwnGUbA'
1365443674595819520,2021-02-26 23:28:35+00:00,"b'Muchas felicidades querido @Antonio_Rosique gran trayectoria llena de pasi\xc3\xb3n, mucho profesionalismo y entrega. \xc2\xa1 Eres Colosal ! @azteca https://t.co/XLawnGWmV8'"
1365407103150657542,2021-02-26 21:03:16+00:00,b'https://t.co/Sb9YRxWoyq'
1365407078647533577,2021-02-26 21:03:10+00:00,b'https://t.co/JjfYe0h6dG'
1365407061627072512,2021-02-26 21:03:06+00:00,b'https://t.co/XujtM5g9w0'
1365404528917565446,2021-02-26 20:53:02+00:00,b'De regreso en Ciudad de M\xc3\xa9xico \xf0\x9f\x87\xb2\xf0\x9f\x87\xbd https://t.co/sxWtj7wHbT'
1365297369798090753,2021-02-26 13:47:13+00:00,b'https://t.co/vVcIQR8ZtP'
1365297352135827462,2021-02-26 13:47:09+00:00,b'https://t.co/FkqnF3RglQ'
1365292966802243584,2021-02-26 13:29:43+00:00,b'Hola querido \xf0\x9f\x8c\x8e estupendo d\xc3\xada. Saludos desde esta bella zona del Estado de M\xc3\xa9xico. Dios les bendiga... y saluden que no dormimos juntos \xf0\x9f\x98\x80 https://t.co/5S0hbzwtjA'
1365271559640920072,2021-02-26 12:04:39+00:00,b'https://t.co/xNh8P1LENG'
1365271539554336770,2021-02-26 12:04:35+00:00,b'https://t.co/fH6sws7XVE'
1365271518196948992,2021-02-26 12:04:30+00:00,b'https://t.co/odc9sK4f8o'
1365271496415928320,2021-02-26 12:04:24+00:00,b'https://t.co/Lcdmv4dg4i'
1365271469979299843,2021-02-26 12:04:18+00:00,b'https://t.co/yBWKzAmnIU'
1365271443496435712,2021-02-26 12:04:12+00:00,b'https://t.co/hdSvv5mDEE'
1365271418678697986,2021-02-26 12:04:06+00:00,b'https://t.co/CIXbO2ZsnX'
1365271394746064896,2021-02-26 12:04:00+00:00,b'https://t.co/vKP6vfBVoW'
1365271350932291585,2021-02-26 12:03:50+00:00,b'https://t.co/lfFsUaRrbb'
1365108090706755585,2021-02-26 01:15:05+00:00,b'https://t.co/nhvVgI6IOu'
1365107851056869378,2021-02-26 01:14:08+00:00,b'https://t.co/gWn7RFnU1S'
1365107828223008770,2021-02-26 01:14:03+00:00,b'https://t.co/5116g4d89U'
1364979031066697736,2021-02-25 16:42:15+00:00,b'EXATL\xc3\x93N: el Fen\xc3\xb3meno de la Televisi\xc3\xb3n Mexicana @AztecaUNO https://t.co/aXcW2TP4Yv'
1364935358174134273,2021-02-25 13:48:43+00:00,b'M\xc3\xa9xico \xf0\x9f\x87\xb2\xf0\x9f\x87\xbd https://t.co/jfJKQAEOXP'
1364932112328110080,2021-02-25 13:35:49+00:00,b'Buen d\xc3\xada querido \xf0\x9f\x8c\x8e saludos desde el Estado de M\xc3\xa9xico. Estupendo Jueves y que Dios les bendiga... y saluden que no dormimos juntos \xf0\x9f\x98\x80 https://t.co/9r6IGeQCNq'
1364931814146662403,2021-02-25 13:34:38+00:00,b'Fe. M\xc3\xa9xico \xf0\x9f\x87\xb2\xf0\x9f\x87\xbd https://t.co/gjRThiWDTP'
1364906676692922369,2021-02-25 11:54:45+00:00,b'https://t.co/en4JW8eCO6'
1364906613514133510,2021-02-25 11:54:30+00:00,b'https://t.co/lC009OyJT1'
1364906574997766144,2021-02-25 11:54:20+00:00,b'https://t.co/VG5ShBYvLl'
1364906509428285440,2021-02-25 11:54:05+00:00,b'https://t.co/RpwF63DaSY'
1364906439614091268,2021-02-25 11:53:48+00:00,b'https://t.co/3luzf1uBRA'
1364906365383278596,2021-02-25 11:53:30+00:00,b'https://t.co/wVikIfsB0L'
1364906248118956033,2021-02-25 11:53:02+00:00,b'https://t.co/LiThgrww4I'
1364906047207538690,2021-02-25 11:52:15+00:00,b'https://t.co/O2LMfbX60f'
1364904239303176192,2021-02-25 11:45:04+00:00,b'https://t.co/tKLs4YlMy6'
1364904219908653056,2021-02-25 11:44:59+00:00,b'https://t.co/8usQslmchx'
1364904200023519233,2021-02-25 11:44:54+00:00,b'https://t.co/iEiw5k4NKM'
1364904175734292486,2021-02-25 11:44:48+00:00,b'https://t.co/pH5ipRGcqo'
1364904151675785216,2021-02-25 11:44:43+00:00,b'https://t.co/606aRLod5h'
1364904122491826179,2021-02-25 11:44:36+00:00,b'https://t.co/oySX6Ix3VI'
1364708313146003457,2021-02-24 22:46:31+00:00,b'https://t.co/EKliNETqJv'
1364708005527379974,2021-02-24 22:45:18+00:00,b'https://t.co/qloY2t21S7'
1364707982777401348,2021-02-24 22:45:12+00:00,b'https://t.co/tG9vdDtq5g'
1364536350968455172,2021-02-24 11:23:12+00:00,b'https://t.co/1325ackgWA'
1364536332962263040,2021-02-24 11:23:08+00:00,b'https://t.co/8W7u3v5tQ1'
1364536310627786756,2021-02-24 11:23:02+00:00,b'https://t.co/PXAACFuzjT'
1364536290432020484,2021-02-24 11:22:58+00:00,b'https://t.co/7oYwUqyEki'
1364536269447987203,2021-02-24 11:22:53+00:00,b'https://t.co/VVfrjKmICa'
1364536248258428928,2021-02-24 11:22:48+00:00,b'https://t.co/DZjY12sG7i'
1364536224136978437,2021-02-24 11:22:42+00:00,b'https://t.co/uKJLpY5EMh'
1364536206042669057,2021-02-24 11:22:38+00:00,b'https://t.co/fsLZbiEMyD'
1364536178746159105,2021-02-24 11:22:31+00:00,b'https://t.co/ZRXHuvue8J'
1364536155358646277,2021-02-24 11:22:25+00:00,b'https://t.co/24pOEOWKl3'
1364171746287362052,2021-02-23 11:14:24+00:00,b'https://t.co/h9fwe4GPI7'
1364171724216934404,2021-02-23 11:14:18+00:00,b'https://t.co/xMfMdYSINi'
1364171700598759424,2021-02-23 11:14:13+00:00,b'https://t.co/TgwS894QKM'
1364171676536037376,2021-02-23 11:14:07+00:00,b'https://t.co/mRMcrB7y6g'
1364171657326202880,2021-02-23 11:14:02+00:00,b'https://t.co/WfcY1N5xrW'
1364171633921957893,2021-02-23 11:13:57+00:00,b'https://t.co/6b9ydR9Cfd'
1364171610425491460,2021-02-23 11:13:51+00:00,b'https://t.co/XgLboqcQuv'
1364171589785317384,2021-02-23 11:13:46+00:00,b'https://t.co/Ad4xfg3pDT'
1364171567081480198,2021-02-23 11:13:41+00:00,b'https://t.co/tghRrHSwew'
1364171539105546241,2021-02-23 11:13:34+00:00,b'https://t.co/Nr7pTLBs87'
1363958567267672071,2021-02-22 21:07:18+00:00,b'En Marzo @mexico_survivor @AztecaUNO https://t.co/08tgdgUoVx'
1363908332478603265,2021-02-22 17:47:41+00:00,b'Gracias a la audiencia @AztecaUNO @AztecaSiete ayer los canales m\xc3\xa1s vistos de la Televisi\xc3\xb3n Mexicana. https://t.co/jOp2GMmhGt'
1363901809283108864,2021-02-22 17:21:46+00:00,b'EXATL\xc3\x93N: el Fen\xc3\xb3meno de la Televisi\xc3\xb3n Mexicana @AztecaUNO https://t.co/Y5atfh9e9B'
1363841076935745540,2021-02-22 13:20:26+00:00,b'Muy buen d\xc3\xada \xf0\x9f\x8c\x8e les deseo estupenda semana. Saludos desde M\xc3\xa9xico \xf0\x9f\x87\xb2\xf0\x9f\x87\xbd y que Dios les bendiga... y saluden que no dormimos \xf0\x9f\x98\x80 https://t.co/A2NN9oGhDH'
1363836704138743810,2021-02-22 13:03:03+00:00,b'Soy Canelo. Soy Azteca. @AztecaSiete https://t.co/8uTDYsf6Sy'
1363814095808434182,2021-02-22 11:33:13+00:00,b'https://t.co/nz8HSN4H4h'
1363814075264770051,2021-02-22 11:33:08+00:00,b'https://t.co/ypsTn7iVrR'
1363814052909043715,2021-02-22 11:33:03+00:00,b'https://t.co/W9p4j2JJLt'
1363814034810630147,2021-02-22 11:32:58+00:00,b'https://t.co/8EDx9JlbIB'
1363814013734244354,2021-02-22 11:32:53+00:00,b'https://t.co/Hw2ZaQn77E'
1363813994331402243,2021-02-22 11:32:49+00:00,b'https://t.co/7YXWsUZSLp'
1363813967336857603,2021-02-22 11:32:42+00:00,b'https://t.co/MqsiSL6Rze'
1363813948257013764,2021-02-22 11:32:38+00:00,b'https://t.co/SMZlDE3CbR'
1363813922789228546,2021-02-22 11:32:32+00:00,b'https://t.co/4FgfGFE894'
1363813890669174785,2021-02-22 11:32:24+00:00,b'https://t.co/iW8yvEND1y'
1363813871144738819,2021-02-22 11:32:19+00:00,b'https://t.co/ucYIYU06VY'
1363603056768786434,2021-02-21 21:34:37+00:00,b'https://t.co/BkXA9xLpH1'
1363603034819985409,2021-02-21 21:34:32+00:00,b'https://t.co/p76uRcqiaC'
1363603011357073416,2021-02-21 21:34:27+00:00,b'https://t.co/FA81sOnS09'
1363601887640104961,2021-02-21 21:29:59+00:00,b'Y as\xc3\xad la tarde de este Domingo en la Ciudad de M\xc3\xa9xico \xf0\x9f\x87\xb2\xf0\x9f\x87\xbd https://t.co/yL6TEYknQG'
1363599205856669699,2021-02-21 21:19:19+00:00,"b'Muchas felicidades querido @Javier_Alatorre por estos primeros 27 a\xc3\xb1os de #Hechos y por tu admirable entrega, profesionalismo. https://t.co/jsgq2rhCOd'"
1363591637692276737,2021-02-21 20:49:15+00:00,b'Siempre presente en mi coraz\xc3\xb3n. https://t.co/bF11GjIAA0'
1363591249714905088,2021-02-21 20:47:42+00:00,b'Aqu\xc3\xad Domingueando en la famosa Casa de la Tigresa en CDMX \xf0\x9f\x87\xb2\xf0\x9f\x87\xbd https://t.co/eLPxsXqWEz'
1363591077559738369,2021-02-21 20:47:01+00:00,b'Muchas felicidades querido @Javier_Alatorre https://t.co/mr1dQSebvY'
1363548431999000578,2021-02-21 17:57:34+00:00,"b'EXATL\xc3\x93N: el Fen\xc3\xb3meno de la Televisi\xc3\xb3n Mexicana, hoy a las 8 de la noche @AztecaUNO https://t.co/33m05M4Pin'"
1363546890906832896,2021-02-21 17:51:26+00:00,b'https://t.co/KnTtDYUfSO'
1363540742107525121,2021-02-21 17:27:00+00:00,b'Lo mereces. Felicidades querida @Al3jandraGuzman https://t.co/1xJMdDv4PJ'
1363523879986098180,2021-02-21 16:20:00+00:00,b'https://t.co/3iZFP3HuFb'
1363523854644121602,2021-02-21 16:19:54+00:00,b'https://t.co/qTYaMBZODm'
1363523828652023808,2021-02-21 16:19:48+00:00,b'https://t.co/eUvOOcAKbB'
1363522964315021313,2021-02-21 16:16:22+00:00,b'https://t.co/I59INllYNY'
1363490415987601409,2021-02-21 14:07:02+00:00,b'https://t.co/HCFtEtTTbf'
1363490374317203460,2021-02-21 14:06:52+00:00,b'https://t.co/0jWwZdzxGe'
1363490351563038721,2021-02-21 14:06:46+00:00,b'https://t.co/y4LMsqjeBO'
1363490330071474178,2021-02-21 14:06:41+00:00,b'https://t.co/q7MUyVVTLZ'
1363490308214976513,2021-02-21 14:06:36+00:00,b'https://t.co/IOgW3cxPwX'
1363490285540491270,2021-02-21 14:06:31+00:00,b'https://t.co/Q5XaYn2Pq6'
1363490265642713089,2021-02-21 14:06:26+00:00,b'https://t.co/L4v7UOXTum'
1363490241244508161,2021-02-21 14:06:20+00:00,b'https://t.co/szAvYMrbKJ'
1363490219262152707,2021-02-21 14:06:15+00:00,b'https://t.co/GbjWxgN84l'
1363490199737630720,2021-02-21 14:06:10+00:00,b'https://t.co/7o8GSbnePr'
1363490178464157698,2021-02-21 14:06:05+00:00,b'https://t.co/57ZcofmCd0'
1363307133039738880,2021-02-21 01:58:44+00:00,b'Lolita Ayala - Domingo a las 2 de la tarde @AztecaUNO https://t.co/wlQrZPa23k'
1363298627117068288,2021-02-21 01:24:56+00:00,b'https://t.co/cWoG2lmxdo'
1363298606187446280,2021-02-21 01:24:51+00:00,b'https://t.co/Zj61RMNmLh'
1363298588466573313,2021-02-21 01:24:47+00:00,b'https://t.co/qbU8rgVa3U'
1363243305325199365,2021-02-20 21:45:06+00:00,b'https://t.co/C2dLmNKzdC'
1363243284559237123,2021-02-20 21:45:01+00:00,b'https://t.co/dwz0IXK2XA'
1363243261930991618,2021-02-20 21:44:56+00:00,b'https://t.co/vx8wUWZQx2'
1363243243467657217,2021-02-20 21:44:51+00:00,b'https://t.co/e7QAv1yTmJ'
1363237612677455872,2021-02-20 21:22:29+00:00,b'https://t.co/mY1AH835ch'
1363214663052382208,2021-02-20 19:51:17+00:00,b'https://t.co/4u8AVDYpM7'
1363176620299796485,2021-02-20 17:20:07+00:00,b'Aqu\xc3\xad Sabadeando. Les deseo estupendo fin de semana. Saludos desde M\xc3\xa9xico \xf0\x9f\x87\xb2\xf0\x9f\x87\xbd Dios les bendiga mucho... y saluden que no dormimos juntos \xf0\x9f\x98\x83 https://t.co/Xl00ScUwtP'
1363129882008580098,2021-02-20 14:14:24+00:00,b'Hoy por @AztecaSiete https://t.co/ukJKIxvtOs'
1363089863268995073,2021-02-20 11:35:23+00:00,b'https://t.co/rO2Mb2sOvC'
1363089841362067459,2021-02-20 11:35:17+00:00,b'https://t.co/QUm9Fg1PB7'
1363089819358748672,2021-02-20 11:35:12+00:00,b'https://t.co/TG3UfgrFvZ'
1363089796130762762,2021-02-20 11:35:07+00:00,b'https://t.co/3EQYUUYpl3'
1363089773494034434,2021-02-20 11:35:01+00:00,b'https://t.co/71STgC3QWb'
1363089752157790208,2021-02-20 11:34:56+00:00,b'https://t.co/Wgy9l0nwEr'
1363089726635302919,2021-02-20 11:34:50+00:00,b'https://t.co/Dvsv44PkHz'
1363089703478550531,2021-02-20 11:34:44+00:00,b'https://t.co/Jzn4EUalRI'
1363089677725536258,2021-02-20 11:34:38+00:00,b'https://t.co/Jhscgruecg'
1363089649573404673,2021-02-20 11:34:32+00:00,b'https://t.co/oMI4SYnABS'
1363089624457830400,2021-02-20 11:34:26+00:00,b'https://t.co/lbgo7HaeYF'
1363089600336572419,2021-02-20 11:34:20+00:00,b'https://t.co/Onv8JYmLHD'
1362954715449810951,2021-02-20 02:38:21+00:00,b'https://t.co/3RvPWUNiCC'
1362954021070204930,2021-02-20 02:35:35+00:00,b'https://t.co/DVbqgiuold'
1362953994948153346,2021-02-20 02:35:29+00:00,b'https://t.co/dlOCxRwWtg'
1362953974496698374,2021-02-20 02:35:24+00:00,b'https://t.co/RTjIJ0CoRp'
1362891490519826437,2021-02-19 22:27:07+00:00,b'Felicidades Heliud @ExatlonMx @AztecaUNO https://t.co/VwVNnnYjiI'
1362891414590418949,2021-02-19 22:26:49+00:00,b'Felicidades Mati @ExatlonMx @AztecaUNO https://t.co/vUnFPbD52R'
1362889134755479558,2021-02-19 22:17:45+00:00,b'EXATL\xc3\x93N: el Fen\xc3\xb3meno de la Televisi\xc3\xb3n Mexicana @AztecaUNO https://t.co/XwB3TFodPc'
1362885678070194176,2021-02-19 22:04:01+00:00,b'Gran Estreno el Lunes 1 de Marzo @AztecaUNO @MimiContigo https://t.co/ahFtIW2vtJ'
1362870716736172032,2021-02-19 21:04:34+00:00,b'https://t.co/ESSJtEY2T6'
1362870697882746880,2021-02-19 21:04:29+00:00,b'https://t.co/aNJfCbFgSg'
1362870678052098051,2021-02-19 21:04:25+00:00,b'https://t.co/BEH1WX3AP3'
1362869038020444161,2021-02-19 20:57:54+00:00,b'Cerrando la semana. Contento y agradecido con Dios. https://t.co/3ZGTVUNkY0'
1362867983408918531,2021-02-19 20:53:42+00:00,b'https://t.co/sMmbeTScXv'
1362867959811694594,2021-02-19 20:53:37+00:00,b'https://t.co/fK7kXfWcZE'
1362867935321145345,2021-02-19 20:53:31+00:00,b'https://t.co/uViSn3ZrvP'
1362867910230872064,2021-02-19 20:53:25+00:00,b'https://t.co/Sm2hnIwcaT'
1362719218303569924,2021-02-19 11:02:34+00:00,b'https://t.co/myuu1kkxSo'
1362719197256503300,2021-02-19 11:02:29+00:00,b'https://t.co/HoOYYIKbAi'
1362719176322740226,2021-02-19 11:02:24+00:00,b'https://t.co/8K3rGutB6Q'
1362719154319413257,2021-02-19 11:02:19+00:00,b'https://t.co/aHhLvedZmv'
1362719134178365443,2021-02-19 11:02:14+00:00,b'https://t.co/3SvDoEmpUy'
1362719113924108298,2021-02-19 11:02:09+00:00,b'https://t.co/k1WRRGxngi'
1362719089890791427,2021-02-19 11:02:03+00:00,b'https://t.co/FByntBdM3I'
1362719066251661315,2021-02-19 11:01:58+00:00,b'https://t.co/DzDBk34dHX'
1362719047352082433,2021-02-19 11:01:53+00:00,b'https://t.co/s2yFxoLroc'
1362508967637827585,2021-02-18 21:07:06+00:00,"b'RT @RicardoBSalinas: #BuenosDias hoy se va la segunda motocicleta y se la voy a regalar a un hombre, para equilibrar las acciones, entonces\xe2\x80\xa6'"
1362389939653140480,2021-02-18 13:14:08+00:00,b'https://t.co/YC7H2rTZrW'
1362389920334176256,2021-02-18 13:14:03+00:00,b'https://t.co/MXaZtnrGtC'
1362389902046937089,2021-02-18 13:13:59+00:00,b'https://t.co/OZOGvnKaNh'
1362388968097071106,2021-02-18 13:10:16+00:00,b'Muy buen d\xc3\xada \xf0\x9f\x8c\x8e estupendo Jueves. Saludos desde M\xc3\xa9xico \xf0\x9f\x87\xb2\xf0\x9f\x87\xbd y que Dios les bendiga... y saluden que no dormimos juntos \xf0\x9f\x98\x80 https://t.co/lnnPAbwl4p'
1362362281057689601,2021-02-18 11:24:13+00:00,b'https://t.co/7btdbkHe4s'
1362362258286764035,2021-02-18 11:24:08+00:00,b'https://t.co/0jRClF1V6j'
1362362235574607875,2021-02-18 11:24:03+00:00,b'https://t.co/6gTn7HZqzy'
1362362214481424388,2021-02-18 11:23:58+00:00,b'https://t.co/KcsMqbD68m'
1362362192553598981,2021-02-18 11:23:52+00:00,b'https://t.co/AvmznZ0EDC'
1362362171963834369,2021-02-18 11:23:47+00:00,b'https://t.co/ZgyF6BabWa'
1362362147498430467,2021-02-18 11:23:42+00:00,b'https://t.co/wht7MC4mhe'
1362362125138620416,2021-02-18 11:23:36+00:00,b'https://t.co/OfKqYXwA19'
1362362100752863235,2021-02-18 11:23:30+00:00,b'https://t.co/uWXL8QVNFJ'
1362362080024612865,2021-02-18 11:23:25+00:00,b'https://t.co/lZRZ8YhRuy'
1362362054703677442,2021-02-18 11:23:19+00:00,b'https://t.co/6URemwebAM'
1362362029319745536,2021-02-18 11:23:13+00:00,b'https://t.co/tcH9wlqp2t'
1362362002505666561,2021-02-18 11:23:07+00:00,b'https://t.co/u4T9prHjti'
1362235089371947008,2021-02-18 02:58:49+00:00,b'Viernes a las 7:30 de la noche @AztecaUNO https://t.co/KS4bsUpUps'
1362055289835458569,2021-02-17 15:04:21+00:00,b'Estreno el Lunes 22 de Marzo @AztecaUNO https://t.co/Lazf1ku7bg'
1362055200224079876,2021-02-17 15:04:00+00:00,b'Estreno el Lunes 22 de Marzo @AztecaUNO https://t.co/npHlhrTASO'
1362055127708827649,2021-02-17 15:03:42+00:00,b'Estreno el Lunes 22 de Marzo @AztecaUNO https://t.co/q8HrucCi4H'
1362055032296771590,2021-02-17 15:03:20+00:00,b'Estreno el Lunes 22 de Marzo @AztecaUNO https://t.co/LzfhFHLsRh'
1361995320423370761,2021-02-17 11:06:03+00:00,b'https://t.co/ln8eVr7h4N'
1361995298931830792,2021-02-17 11:05:58+00:00,b'https://t.co/PVNNpFWqpi'
1361995277024944130,2021-02-17 11:05:53+00:00,b'https://t.co/fwGCdTUlem'
1361995255977897984,2021-02-17 11:05:48+00:00,b'https://t.co/iZc3DgK44w'
1361995235392253952,2021-02-17 11:05:43+00:00,b'https://t.co/BsKIP5BCrb'
1361995211484766209,2021-02-17 11:05:37+00:00,b'https://t.co/WE0IR0Zw1F'
1361995190701936646,2021-02-17 11:05:32+00:00,b'https://t.co/CSqY1mJELS'
1361995170107904003,2021-02-17 11:05:27+00:00,b'https://t.co/D66NY8LWLF'
1361995142605934594,2021-02-17 11:05:21+00:00,b'https://t.co/zFxKDP53MN'
1361995105251454976,2021-02-17 11:05:12+00:00,b'https://t.co/XXVWsBelZ5'
1361995082736431105,2021-02-17 11:05:07+00:00,b'https://t.co/nUDVuhBo8u'
1361995057377681418,2021-02-17 11:05:00+00:00,b'https://t.co/cUtf7C9K04'
1361637794964271107,2021-02-16 11:25:22+00:00,b'https://t.co/jNgPGuijSw'
1361637774135279619,2021-02-16 11:25:18+00:00,b'https://t.co/h3qu6uUSqQ'
1361637753075728386,2021-02-16 11:25:12+00:00,b'https://t.co/TGpSsvxFbk'
1361637732016128000,2021-02-16 11:25:07+00:00,b'https://t.co/4ACvtKwxfN'
1361637711447265282,2021-02-16 11:25:03+00:00,b'https://t.co/BoTpBK9WII'
1361637690110844928,2021-02-16 11:24:57+00:00,b'https://t.co/XEN9q3RHGE'
1361637667600031748,2021-02-16 11:24:52+00:00,b'https://t.co/ETKCGaEoLh'
1361637644401336320,2021-02-16 11:24:47+00:00,b'https://t.co/Y15YHqvCG6'
1361637621475196928,2021-02-16 11:24:41+00:00,b'https://t.co/0MulKsR8PG'
1361637599291600896,2021-02-16 11:24:36+00:00,b'https://t.co/ff9JcYZIJA'
1361637573937016833,2021-02-16 11:24:30+00:00,b'https://t.co/8vMjj7jddJ'
1361637547768745986,2021-02-16 11:24:24+00:00,b'https://t.co/zFpA5d8pJb'
1361637525601869827,2021-02-16 11:24:18+00:00,b'https://t.co/XLZKA7qucF'
1361463497339592705,2021-02-15 23:52:47+00:00,b'Descanse en paz mi querida Lucia Guilm\xc3\xa1in. Mis condolencias a su familia y amigos. Lamento mucho esta gran p\xc3\xa9rdida.'
1361431125776863235,2021-02-15 21:44:09+00:00,b'https://t.co/vpMpxDP6A4'
1361355709204553731,2021-02-15 16:44:28+00:00,b'https://t.co/dgIkM7Sj7C'
1361351495250309125,2021-02-15 16:27:43+00:00,b'EXATL\xc3\x93N: el Fen\xc3\xb3meno de la Televisi\xc3\xb3n Mexicana @AztecaUNO https://t.co/iKobrUCbfh'
1361273336597200899,2021-02-15 11:17:09+00:00,b'https://t.co/ljOwH7dBeY'
1361273315378216960,2021-02-15 11:17:04+00:00,b'https://t.co/JdEaQtXv10'
1361273294805217280,2021-02-15 11:16:59+00:00,b'https://t.co/IwsSENGpSA'
1361273269144457217,2021-02-15 11:16:53+00:00,b'https://t.co/IvHBxX4fKv'
1361273251549356038,2021-02-15 11:16:49+00:00,b'https://t.co/VIH112DmmA'
1361273231630602241,2021-02-15 11:16:44+00:00,b'https://t.co/WCnOCqlZLR'
1361273208033468416,2021-02-15 11:16:38+00:00,b'https://t.co/GMbIHD2Nkn'
1361273187829440513,2021-02-15 11:16:33+00:00,b'https://t.co/pLGsMpj9co'
1361273164202934273,2021-02-15 11:16:28+00:00,b'https://t.co/1PlnHXdTw6'
1361273141440430090,2021-02-15 11:16:22+00:00,b'https://t.co/ETbS5JE1HI'
1361273119105830912,2021-02-15 11:16:17+00:00,b'https://t.co/NUExKqUezO'
1361273094195838976,2021-02-15 11:16:11+00:00,b'https://t.co/SoSNrOGdSt'
1361273071227858944,2021-02-15 11:16:06+00:00,b'https://t.co/iwoLPzv4Db'
1361273046984712192,2021-02-15 11:16:00+00:00,b'https://t.co/4CgGYSJdvR'
1361273021324025856,2021-02-15 11:15:54+00:00,b'https://t.co/6PtBrlzrOQ'
1361070908669108224,2021-02-14 21:52:46+00:00,b'\xf0\x9f\x98\xb1\xf0\x9f\x98\xb1\xf0\x9f\x98\xb1\xf0\x9f\x98\x82\xf0\x9f\x98\x82\xf0\x9f\x98\x82 https://t.co/Lcqn8zL51b'
1361068322163425280,2021-02-14 21:42:30+00:00,b'https://t.co/nDGHXesaBd'
1361016084502085632,2021-02-14 18:14:55+00:00,b'Calma en el alma #Hobbie https://t.co/zuaqn90L61'
1361010739427889153,2021-02-14 17:53:41+00:00,b'Aterrizando en Ciudad de M\xc3\xa9xico \xf0\x9f\x87\xb2\xf0\x9f\x87\xbd https://t.co/ulHsyHaCWW'
1360999094517456903,2021-02-14 17:07:24+00:00,b'https://t.co/QwuJ3i2l9I'
1360970623619588100,2021-02-14 15:14:16+00:00,b'Querida @FlorindaMezaCH muchas felicidades y que Dios te siga bendiciendo. Mucha salud y bienestar. Te quiero mucho.'
1360960301911453702,2021-02-14 14:33:16+00:00,b'https://t.co/euOBu3UgGn'
1360951585220792324,2021-02-14 13:58:37+00:00,b'https://t.co/sD18omDXoR'
1360951563435577350,2021-02-14 13:58:32+00:00,b'https://t.co/17PPQAOKju'
1360951543206453255,2021-02-14 13:58:27+00:00,b'https://t.co/mwrYURdWZ6'
1360949733162909699,2021-02-14 13:51:16+00:00,b'V\xc3\xa1monos \xe2\x9c\x88\xef\xb8\x8f de regreso a M\xc3\xa9xico \xf0\x9f\x87\xb2\xf0\x9f\x87\xbd https://t.co/A0a42lEpjb'
1360923807419166728,2021-02-14 12:08:15+00:00,b'Muy bien D\xc3\xada querido \xf0\x9f\x8c\x8e saludos desde Miami Beach. Que tengan estupendo Domingo y que Dios les bendiga... y saluden que no dormimos juntos \xf0\x9f\x98\x80 https://t.co/ZnFMjSyEYy'
1360878882723889153,2021-02-14 09:09:44+00:00,b'Feliz D\xc3\xada del Amor y la Amistad. https://t.co/nwUUYsXyzp'
1360877214372364288,2021-02-14 09:03:06+00:00,b'https://t.co/8koDRlZJXk'
1360877192075481091,2021-02-14 09:03:01+00:00,b'https://t.co/0x6CihgpZR'
1360877169572986881,2021-02-14 09:02:55+00:00,b'https://t.co/93KvkZG9Xm'
1360877147792015361,2021-02-14 09:02:50+00:00,b'https://t.co/Dsjy4mC9YS'
1360877125927116802,2021-02-14 09:02:45+00:00,b'https://t.co/OKWAUAjsBt'
1360877104427118595,2021-02-14 09:02:40+00:00,b'https://t.co/915GemwPMY'
1360877081681395718,2021-02-14 09:02:34+00:00,b'https://t.co/QZfQ2oLuWs'
1360877058562392065,2021-02-14 09:02:29+00:00,b'https://t.co/1sxwuz7D2Q'
1360877033987985408,2021-02-14 09:02:23+00:00,b'https://t.co/LRIQRXLttO'
1360877010067759104,2021-02-14 09:02:17+00:00,b'https://t.co/kTNuh4a0jY'
1360876988483928066,2021-02-14 09:02:12+00:00,b'https://t.co/o3Zt1X2MSg'
1360876964421189636,2021-02-14 09:02:06+00:00,b'https://t.co/l5381K0rkH'
1360876942057230344,2021-02-14 09:02:01+00:00,b'https://t.co/Oa9bmwChAI'
1360876919730950146,2021-02-14 09:01:56+00:00,b'https://t.co/cckCrUI8n1'
1360876893512294402,2021-02-14 09:01:49+00:00,b'https://t.co/YqlHnMto82'
1360876861161693190,2021-02-14 09:01:42+00:00,b'Hoy por @AztecaSiete https://t.co/8oTqPcMwm8'
1360712217667198986,2021-02-13 22:07:28+00:00,b'https://t.co/ZchGTODVOf'
1360712196309872642,2021-02-13 22:07:23+00:00,b'https://t.co/ydNm4H1hem'
1360712176076550147,2021-02-13 22:07:18+00:00,b'https://t.co/l3ZxFWbUYo'
1360711206261129218,2021-02-13 22:03:27+00:00,"b'Con mi querid\xc3\xadsima amiga de tantos a\xc3\xb1os Cristina Saralegui, icono de la TV en espa\xc3\xb1ol en Latinoamerica y aqu\xc3\xad en compa\xc3\xb1\xc3\xada de mi admirada @luzmadoria una gran productora y escritora de excepci\xc3\xb3n. #Miami https://t.co/uAqamoILlU'"
1360709663491293186,2021-02-13 21:57:19+00:00,b'https://t.co/vytqiQVB9F'
1360709641567666176,2021-02-13 21:57:13+00:00,b'https://t.co/BsHfOXsaym'
1360709621808259072,2021-02-13 21:57:09+00:00,b'https://t.co/Nk77bMrTRP'
1360595420003635201,2021-02-13 14:23:21+00:00,b'Ese celular tiene magn\xc3\xadfico gusto y qued\xc3\xb3 muy bien mexicanizado. https://t.co/P1QTiPW6qX'
1360540506653130761,2021-02-13 10:45:09+00:00,b'Muy buen d\xc3\xada \xf0\x9f\x8c\x8e les deseo gran fin de semana. Saludos desde Miami Beach \xf0\x9f\x8f\x9d y que Dios les bendiga... y saluden que no dormimos juntos \xf0\x9f\x98\x80 https://t.co/bSBPvAuEZG'
1360536506214014976,2021-02-13 10:29:15+00:00,b'https://t.co/zL4qYDBnpX'
1360536483891929092,2021-02-13 10:29:09+00:00,b'https://t.co/xpnKGT5zW0'
1360536461112709122,2021-02-13 10:29:04+00:00,b'https://t.co/9FnlhNWPW8'
1360536438736097280,2021-02-13 10:28:59+00:00,b'https://t.co/H8UcexzY6r'
1360536416866951171,2021-02-13 10:28:53+00:00,b'https://t.co/kLOAbIrMzv'
1360536392376418305,2021-02-13 10:28:48+00:00,b'https://t.co/pXPddqsAnP'
1360536368783503361,2021-02-13 10:28:42+00:00,b'https://t.co/o3jQlWEnEx'
1360536344712380417,2021-02-13 10:28:36+00:00,b'https://t.co/P9IYwU4357'
1360536321102667779,2021-02-13 10:28:31+00:00,b'https://t.co/VzeYFabXY4'
1360536294296854529,2021-02-13 10:28:24+00:00,b'https://t.co/RFsuksTNRE'
1360536269286178819,2021-02-13 10:28:18+00:00,b'https://t.co/QDKCGXNqYx'
1360536238260912129,2021-02-13 10:28:11+00:00,b'https://t.co/rdvDO8AJeW'
1360222556968615945,2021-02-12 13:41:43+00:00,b'https://t.co/S5pHO7hhep'
1360220414643961861,2021-02-12 13:33:13+00:00,b'Muy buen Viernes querido \xf0\x9f\x8c\x8eDios les bendiga.'
1360220244648873990,2021-02-12 13:32:32+00:00,b'Mis condolencias a mi querida @gabycrassus recibe un abrazo con mi solidaridad y afecto. Descanse en paz Rodrigo.'
1360215142093447173,2021-02-12 13:12:16+00:00,b'https://t.co/rX70cot0QR'
1360215119758786560,2021-02-12 13:12:10+00:00,b'https://t.co/tLnpdDN3Gh'
1360215097856131076,2021-02-12 13:12:05+00:00,b'https://t.co/hx5YjQe462'
1360215075089510402,2021-02-12 13:12:00+00:00,b'https://t.co/ACyl1UxL8j'
1360215049906888706,2021-02-12 13:11:54+00:00,b'https://t.co/CC2HCqceBJ'
1360215026553004033,2021-02-12 13:11:48+00:00,b'https://t.co/OZE7fxUC1N'
1360215000770637824,2021-02-12 13:11:42+00:00,b'https://t.co/T35LUXziSs'
1360214977597079558,2021-02-12 13:11:36+00:00,b'https://t.co/UcFkWHhLEv'
1360214953765048323,2021-02-12 13:11:31+00:00,b'https://t.co/moRFFrOTfR'
1360214924778176514,2021-02-12 13:11:24+00:00,b'https://t.co/SZ3Ui81dd7'
1360214895933947906,2021-02-12 13:11:17+00:00,b'https://t.co/xssb6s11aq'
1360214859321925634,2021-02-12 13:11:08+00:00,b'https://t.co/2e9ik6DpBq'
1360075967889354754,2021-02-12 03:59:14+00:00,"b'Deja todo en manos de Dios, y descansa. Buenas noches \xf0\x9f\x8c\x8e'"
1360052282210086913,2021-02-12 02:25:07+00:00,b'https://t.co/CsRNtEnc0b'
1360052260919730176,2021-02-12 02:25:02+00:00,b'https://t.co/TOQK73Q1RV'
1360052235812687874,2021-02-12 02:24:56+00:00,b'https://t.co/zrn7tfg3rn'
1360052204321792001,2021-02-12 02:24:48+00:00,b'https://t.co/Jz5Wi17dbT'
1360052200098181121,2021-02-12 02:24:47+00:00,b'https://t.co/cZIkOtD6sz'
1360052193890603009,2021-02-12 02:24:46+00:00,b'https://t.co/trAyqKpbZv'
1360025700649103360,2021-02-12 00:39:29+00:00,b'Mucho \xc3\xa9xito querido @nacholozano https://t.co/5cikoqrHeD'
1359910649334292483,2021-02-11 17:02:19+00:00,b'Muy pronto @AztecaUNO https://t.co/aBUL1nzBkX'
1359829570313191426,2021-02-11 11:40:08+00:00,b'https://t.co/F1TlPC8J82'
1359829550100860930,2021-02-11 11:40:03+00:00,b'https://t.co/ZfRqnwaGtB'
1359829529053843456,2021-02-11 11:39:58+00:00,b'https://t.co/ym0re3HH9J'
1359829508430381059,2021-02-11 11:39:53+00:00,b'https://t.co/298ApmxW0V'
1359829486938828801,2021-02-11 11:39:48+00:00,b'https://t.co/BLwAmwTGRD'
1359829465044508674,2021-02-11 11:39:43+00:00,b'https://t.co/IzxYcZfH5l'
1359829441019588609,2021-02-11 11:39:37+00:00,b'https://t.co/n6LSjfGTpg'
1359829413945311235,2021-02-11 11:39:31+00:00,b'https://t.co/Tc1AawOzUU'
1359829388733403138,2021-02-11 11:39:25+00:00,b'https://t.co/1gVe0p39ZQ'
1359829365400494084,2021-02-11 11:39:19+00:00,b'https://t.co/D5DSUwFCTq'
1359829338963800065,2021-02-11 11:39:13+00:00,b'https://t.co/Q9ACZjbMrC'
1359829317296025601,2021-02-11 11:39:08+00:00,b'https://t.co/IvcZ1L21ME'
1359462681665798144,2021-02-10 11:22:15+00:00,b'Muy buenos d\xc3\xadas \xf0\x9f\x8c\x8e estupendo Mi\xc3\xa9rcoles. Dios les bendiga. Cu\xc3\xaddense \xf0\x9f\x98\xb7'
1359459414961438722,2021-02-10 11:09:16+00:00,b'Muy pronto @mexico_survivor @AztecaUNO https://t.co/E65o0DzbkZ'
1359458261829881858,2021-02-10 11:04:41+00:00,b'https://t.co/CkZKOxnXas'
1359458239323271168,2021-02-10 11:04:36+00:00,b'https://t.co/tvtk2MzWBy'
1359458218276233217,2021-02-10 11:04:31+00:00,b'https://t.co/jbdCLjwlhY'
1359458196864315392,2021-02-10 11:04:26+00:00,b'https://t.co/MMvBCcJT0W'
1359458171895623682,2021-02-10 11:04:20+00:00,b'https://t.co/6C2ZnHxGyi'
1359458148675948545,2021-02-10 11:04:14+00:00,b'https://t.co/ZC4AXZXaVJ'
1359458123791106049,2021-02-10 11:04:08+00:00,b'https://t.co/HGKx5ALwWX'
1359458099967459330,2021-02-10 11:04:03+00:00,b'https://t.co/SMUd2LXbkn'
1359458075246284802,2021-02-10 11:03:57+00:00,b'https://t.co/oBDPFXKolZ'
1359458045617721346,2021-02-10 11:03:50+00:00,b'https://t.co/1DzZX2lSjp'
1359458023287234566,2021-02-10 11:03:44+00:00,b'https://t.co/1FXZJediEt'
1359457998389866498,2021-02-10 11:03:38+00:00,b'https://t.co/KTCaYBOCCP'
1359268732837707778,2021-02-09 22:31:34+00:00,b'Muy pronto @mexico_survivor por @AztecaUNO https://t.co/LOSQc6DSLg'
1359133586075643907,2021-02-09 13:34:33+00:00,b'https://t.co/P5NMc2b8GW'
1359133566022598656,2021-02-09 13:34:28+00:00,b'https://t.co/4I0t6LucF6'
1359133547949359105,2021-02-09 13:34:23+00:00,b'https://t.co/zqXp3vlCHM'
1359132247081820160,2021-02-09 13:29:13+00:00,b'Muy buen d\xc3\xada \xf0\x9f\x8c\x8e les deseo estupendo Martes. Saludos desde Ciudad de M\xc3\xa9xico \xf0\x9f\x87\xb2\xf0\x9f\x87\xbd cu\xc3\xaddense mucho y Dios les bendiga... y saluden que no dormimos juntos \xf0\x9f\x98\x80 https://t.co/KNnQBUXfVU'
1359099082279632897,2021-02-09 11:17:26+00:00,b'https://t.co/6qEbrmyjWm'
1359099060813242377,2021-02-09 11:17:21+00:00,b'https://t.co/kwbuqEwmMo'
1359099039761989634,2021-02-09 11:17:16+00:00,b'https://t.co/lD79eW6UfO'
1359099018308161540,2021-02-09 11:17:11+00:00,b'https://t.co/OZ2qaYT6Ws'
1359098996451643398,2021-02-09 11:17:06+00:00,b'https://t.co/B00kByTrtT'
1359098974075039745,2021-02-09 11:17:00+00:00,b'https://t.co/5gIny5t2vz'
1359098944870055944,2021-02-09 11:16:53+00:00,b'https://t.co/Soz2mZiyTZ'
1359098918705987585,2021-02-09 11:16:47+00:00,b'https://t.co/GXEKl50zXX'
1359098894811078659,2021-02-09 11:16:42+00:00,b'https://t.co/gvEvEdqzi3'
1359098868655357955,2021-02-09 11:16:35+00:00,b'https://t.co/3nodvaRMmP'
1359098843481145348,2021-02-09 11:16:29+00:00,b'https://t.co/3eaTr2HzzO'
1359098820517367810,2021-02-09 11:16:24+00:00,b'https://t.co/Q5rjnk9e6C'
1358973886029774848,2021-02-09 02:59:57+00:00,"b'RT @RicardoBSalinas: Considero que si est\xc3\xa1 a nuestro alcance terminar con la pobreza, entonces esta tarea constituye una obligaci\xc3\xb3nz. Si lo\xe2\x80\xa6'"
1358885887392759812,2021-02-08 21:10:17+00:00,b'https://t.co/PQSBe7MKap'
1358885866173775873,2021-02-08 21:10:12+00:00,b'https://t.co/2yJr4wWDsZ'
1358885836494950401,2021-02-08 21:10:04+00:00,b'https://t.co/l33STkOdj5'
1358883989080182786,2021-02-08 21:02:44+00:00,b'Contento y agradecido con Dios. Fe. https://t.co/QARibTs16N'
1358882949337333765,2021-02-08 20:58:36+00:00,b'https://t.co/VXdUwUBHMU'
1358882928542031881,2021-02-08 20:58:31+00:00,b'https://t.co/32bPhpDCtY'
1358882911341195267,2021-02-08 20:58:27+00:00,b'https://t.co/7ifZWynAoz'
1358815042825818113,2021-02-08 16:28:46+00:00,b'Gracias a la audiencia @AztecaSiete https://t.co/68u4NbuQIc'
1358739974561140737,2021-02-08 11:30:28+00:00,b'Es @AztecaSiete El Canal Oficial de los Juegos Ol\xc3\xadmpicos #ElOroEsNuestro https://t.co/FplVWcoNAK'
1358738324924604417,2021-02-08 11:23:55+00:00,b'https://t.co/0TZBrXx7i5'
1358738302992531456,2021-02-08 11:23:50+00:00,b'https://t.co/HkvZS1HfhN'
1358738279810686978,2021-02-08 11:23:44+00:00,b'https://t.co/J1ZINktCOD'
1358738257585004547,2021-02-08 11:23:39+00:00,b'https://t.co/Pfu9H5EyVv'
1358738234570907650,2021-02-08 11:23:33+00:00,b'https://t.co/8QajWeAC8z'
1358738210239741952,2021-02-08 11:23:28+00:00,b'https://t.co/m1BkO9wCHM'
1358738186185416706,2021-02-08 11:23:22+00:00,b'https://t.co/vawvCOhRf7'
1358738163003514882,2021-02-08 11:23:16+00:00,b'https://t.co/Y11BWirg4G'
1358738136411627520,2021-02-08 11:23:10+00:00,b'https://t.co/x2FJmWv9ab'
1358738107571527680,2021-02-08 11:23:03+00:00,b'https://t.co/uQ3xaBhyTo'
1358738080958722051,2021-02-08 11:22:57+00:00,b'https://t.co/PJRP7AeoNM'
1358738049618890754,2021-02-08 11:22:49+00:00,b'https://t.co/8PBmLL9H0D'
1358562542415720455,2021-02-07 23:45:25+00:00,b'Es @AztecaSiete El Canal Oficial de los Juegos Ol\xc3\xadmpicos https://t.co/rP45xMZcUN'
1358559799487696898,2021-02-07 23:34:31+00:00,b'https://t.co/7SCzDCXk7a'
1358559777165565955,2021-02-07 23:34:26+00:00,b'https://t.co/qbM9kgdPbH'
1358559759796953096,2021-02-07 23:34:22+00:00,b'https://t.co/gtOAPqjunx'
1358555826672209920,2021-02-07 23:18:44+00:00,b'Ya listos @AztecaSiete @AztecaDeportes https://t.co/yzyVDRas9u'
1358467931840118784,2021-02-07 17:29:28+00:00,b'https://t.co/QUaylAQc7o'
1358467897694302214,2021-02-07 17:29:20+00:00,b'https://t.co/gsQiO4z6OV'
1358467858834071553,2021-02-07 17:29:11+00:00,b'https://t.co/0EfypZdAVF'
1358464853841764356,2021-02-07 17:17:14+00:00,b'https://t.co/qOk7V1jlvs'
1358464831725174786,2021-02-07 17:17:09+00:00,b'https://t.co/cL6yQcKiXQ'
1358464806555168774,2021-02-07 17:17:03+00:00,b'https://t.co/iqqE6ER5yY'
1358462946037358595,2021-02-07 17:09:40+00:00,"b'Las pel\xc3\xadculas en @amastv siguen a partir de las 3 de la tarde, Lunes a Viernes. https://t.co/KDSrebHgBs'"
1358460736268349442,2021-02-07 17:00:53+00:00,b'Hola \xf0\x9f\x8c\x8e les deseo estupendo Domingo. Saludos y que Dios les bendiga... y saluden que no dormimos juntos \xf0\x9f\x98\x80 https://t.co/GmrNgcaupQ'
1358443372407623680,2021-02-07 15:51:53+00:00,b'Listos para disfrutar este Domingo con esta gran programaci\xc3\xb3n @AztecaSiete https://t.co/GXJWKiTaII'
1358427334081212419,2021-02-07 14:48:09+00:00,b'Muy buenos d\xc3\xadas querido \xf0\x9f\x8c\x8ea disfrutar el Domingo. Dios les bendiga.'
1358427059543040004,2021-02-07 14:47:04+00:00,b'Para disfrutar en familia hoy por @AztecaSiete https://t.co/CKb1lRzBIk'
1358425717378277376,2021-02-07 14:41:44+00:00,b'https://t.co/9mWT5J6IJA'
1358425694980739073,2021-02-07 14:41:38+00:00,b'https://t.co/cDkjhKRmvA'
1358425671740108802,2021-02-07 14:41:33+00:00,b'https://t.co/303Ca2E6L2'
1358425647257948161,2021-02-07 14:41:27+00:00,b'https://t.co/ps6U2BA69a'
1358425623916670979,2021-02-07 14:41:21+00:00,b'https://t.co/We5rvp8Hwu'
1358425597106679810,2021-02-07 14:41:15+00:00,b'https://t.co/z1B4I0jm1L'
1358425571705958401,2021-02-07 14:41:09+00:00,b'https://t.co/ZVZmMbCXYG'
1358425547655811084,2021-02-07 14:41:03+00:00,b'https://t.co/5jEKrTR4Do'
1358425519738519554,2021-02-07 14:40:56+00:00,b'https://t.co/6oGih1Nz9b'
1358425494488768529,2021-02-07 14:40:50+00:00,b'https://t.co/2C93P4v0jG'
1358425470816169985,2021-02-07 14:40:45+00:00,b'https://t.co/o9v9nPZTUi'
1358425420098654210,2021-02-07 14:40:33+00:00,b'https://t.co/5reoEKEG7M'
1358425392177160194,2021-02-07 14:40:26+00:00,b'https://t.co/7v8pThZrBO'
1358229273916694530,2021-02-07 01:41:08+00:00,b'https://t.co/fcrn3iykdD'
1358229251527495683,2021-02-07 01:41:02+00:00,b'https://t.co/tmhKilguYA'
1358229229691953152,2021-02-07 01:40:57+00:00,b'https://t.co/vCFp1Kgwfp'
1358229205251719168,2021-02-07 01:40:51+00:00,b'https://t.co/xsP0nQ0Lp3'
1358229187551756288,2021-02-07 01:40:47+00:00,b'https://t.co/UKhsY5iXpS'
1358228275043201024,2021-02-07 01:37:10+00:00,"b'Amo Celaya. Tierra maravillosa, de gente trabajadora que adem\xc3\xa1s vive en contra de la adversidad en los \xc3\xbaltimos tiempos. https://t.co/GaczTQhd1y'"
1358171939970428933,2021-02-06 21:53:18+00:00,b'Ma\xc3\xb1ana Domingo @AztecaSiete #LaLeyDelM\xc3\xa1sFuerte https://t.co/IscEr4Zdn6'
1358106442146996227,2021-02-06 17:33:02+00:00,b'https://t.co/aKNlGpHRXO'
1358106422156869635,2021-02-06 17:32:58+00:00,b'https://t.co/oYDymrgDJz'
1358105381768228868,2021-02-06 17:28:50+00:00,b'Estupendo Domingo para disfrutarlo por @AztecaSiete https://t.co/WptMrdtA2v'
1358102910815641600,2021-02-06 17:19:00+00:00,b'Buen d\xc3\xada \xf0\x9f\x8c\x8e saludos desde la Ciudad de M\xc3\xa9xico \xf0\x9f\x87\xb2\xf0\x9f\x87\xbd que tengan estupendo S\xc3\xa1bado y Dios les bendiga... y saluden que no dormimos juntos \xf0\x9f\x98\x80 https://t.co/dYogywMmVO'
1358049612993605635,2021-02-06 13:47:13+00:00,b'https://t.co/XJ3parUf8O'
1358048339795865600,2021-02-06 13:42:10+00:00,b'https://t.co/RZTqhkt4Nc'
1358048315737276424,2021-02-06 13:42:04+00:00,b'https://t.co/QNTSx5fPvG'
1358048293473951749,2021-02-06 13:41:59+00:00,b'https://t.co/cL82ixDjIw'
1358048269046345729,2021-02-06 13:41:53+00:00,b'https://t.co/h6znCG21GN'
1358048245331726337,2021-02-06 13:41:47+00:00,b'https://t.co/4k6KoD2jUg'
1358048218270076930,2021-02-06 13:41:41+00:00,b'https://t.co/PCYAse1K6m'
1358048180454232071,2021-02-06 13:41:32+00:00,b'https://t.co/U5dP3UgOr2'
1358048156840321027,2021-02-06 13:41:26+00:00,b'https://t.co/zvGHD8KES2'
1358048131057876998,2021-02-06 13:41:20+00:00,b'https://t.co/oZkUDX65Us'
1358048107859165189,2021-02-06 13:41:14+00:00,b'https://t.co/7MVPrspO7I'
1358048081237975040,2021-02-06 13:41:08+00:00,b'https://t.co/BaD6HuDrrD'
1358048055904382976,2021-02-06 13:41:02+00:00,b'https://t.co/xgnHPCpoVj'
1358048030159745024,2021-02-06 13:40:56+00:00,b'https://t.co/EJWwJG5wMH'
1357865687897800705,2021-02-06 01:36:22+00:00,"b'Hoy @Al3jandraGuzman hizo el Estreno Mundial, en vivo, en @VengaLaAlegria @AztecaUNO @Azteca https://t.co/d74uJDXoO6'"
1357831121610944514,2021-02-05 23:19:01+00:00,b'EXATL\xc3\x93N: el Fen\xc3\xb3meno de la Televisi\xc3\xb3n Mexicana. El Domingo 8 de la noche @AztecaUNO https://t.co/s94KTJWeVf'
1357648645617831936,2021-02-05 11:13:55+00:00,b'https://t.co/rydAJyKbzl'
1357648625007013890,2021-02-05 11:13:50+00:00,b'https://t.co/MRXUwTmoBS'
1357648602684936196,2021-02-05 11:13:45+00:00,b'https://t.co/XkAcdaXj42'
1357648580346073088,2021-02-05 11:13:40+00:00,b'https://t.co/h7CK5sEng1'
1357648558019792896,2021-02-05 11:13:34+00:00,b'https://t.co/UfnQMWSxz4'
1357648530517688321,2021-02-05 11:13:28+00:00,b'https://t.co/aC73ZjtnHG'
1357648503460216833,2021-02-05 11:13:21+00:00,b'https://t.co/u3a12iViCO'
1357648478982275073,2021-02-05 11:13:15+00:00,b'https://t.co/zqE7GKyzkq'
1357648451501228034,2021-02-05 11:13:09+00:00,b'https://t.co/d0fm23X2fT'
1357530726296657921,2021-02-05 03:25:21+00:00,b'https://t.co/U6MrZByKPh'
1357530054113325056,2021-02-05 03:22:41+00:00,b'https://t.co/ouhgQcYEvX'
1357529709681205248,2021-02-05 03:21:19+00:00,b'https://t.co/rH3KY8YQXy'
1357529232331714562,2021-02-05 03:19:25+00:00,b'https://t.co/5oOrT0tjeR'
1357528294267236352,2021-02-05 03:15:41+00:00,b'https://t.co/Z7NyoAv3YL'
1357528271949357056,2021-02-05 03:15:36+00:00,b'https://t.co/Qfd9OB5Xdj'
1357528252840034307,2021-02-05 03:15:31+00:00,b'https://t.co/y4CNDCAVzT'
1356980784763183106,2021-02-03 15:00:05+00:00,b'https://t.co/NxnE3cgxZf'
1356979951258521601,2021-02-03 14:56:46+00:00,b'EXATL\xc3\x93N: el Fen\xc3\xb3meno de la Televisi\xc3\xb3n Mexicana @AztecaUNO https://t.co/z66fRhRzLQ'
1356979522143477764,2021-02-03 14:55:04+00:00,b'Este Viernes @Al3jandraGuzman @VengaLaAlegria @AztecaUNO https://t.co/AuEGs1sg3C'
1356977600846061571,2021-02-03 14:47:26+00:00,b'Estupendo a mi\xc3\xa9rcoles a tod@s - saludos desde la Ciudad de M\xc3\xa9xico y que Dios les bendiga. Y saluden que no dormimos juntos \xf0\x9f\x98\x80 https://t.co/KOAyYUhOLv'
1356956984432599042,2021-02-03 13:25:30+00:00,b'Muy buen d\xc3\xada \xf0\x9f\x8c\x8e tengan estupendo Mi\xc3\xa9rcoles. Dios les bendiga.'
1356928400930328576,2021-02-03 11:31:55+00:00,b'https://t.co/pQBkC6fnoW'
1356928377962323974,2021-02-03 11:31:50+00:00,b'https://t.co/p1laQRDEOu'
1356928356109926401,2021-02-03 11:31:45+00:00,b'https://t.co/8nC6oiiEf5'
1356928332026302465,2021-02-03 11:31:39+00:00,b'https://t.co/Vrtbc9HZPh'
1356928309246976000,2021-02-03 11:31:34+00:00,b'https://t.co/b2ls0YMrVw'
1356928283481432066,2021-02-03 11:31:27+00:00,b'https://t.co/ZZSJd5TS9B'
1356925930636267521,2021-02-03 11:22:06+00:00,b'https://t.co/CrGfCTELzk'
1356924812220915714,2021-02-03 11:17:40+00:00,b'https://t.co/oiU2lKUQ5V'
1356924790737674241,2021-02-03 11:17:35+00:00,b'https://t.co/fpXP4IMiqN'
1356924767975182337,2021-02-03 11:17:29+00:00,b'https://t.co/2XrkAYkm4O'
1356924744768114688,2021-02-03 11:17:24+00:00,b'https://t.co/AGDAIJ5pCV'
1356924722437627906,2021-02-03 11:17:18+00:00,b'https://t.co/5zSqJ79EZm'
1356924693215854592,2021-02-03 11:17:11+00:00,b'https://t.co/SbqM7MeoqJ'
1356924669186736131,2021-02-03 11:17:06+00:00,b'https://t.co/zugovAYHPn'
1356924647745458178,2021-02-03 11:17:01+00:00,b'https://t.co/mBV9qiSkLB'
1356924611649286146,2021-02-03 11:16:52+00:00,b'https://t.co/PSTCQGMFkU'
1356924588437962753,2021-02-03 11:16:46+00:00,b'https://t.co/4OmBP7jRDY'
1356924569051926528,2021-02-03 11:16:42+00:00,b'https://t.co/LMq8zpS9kd'
1356722237269815297,2021-02-02 21:52:42+00:00,"b'EXATL\xc3\x93N: el Fen\xc3\xb3meno de la Televisi\xc3\xb3n Mexicana, hoy a las 7:30 pm @AztecaUNO https://t.co/FlvWXxBALN'"
1356721028614000642,2021-02-02 21:47:54+00:00,b'\xf0\x9f\x99\x8f\xf0\x9f\x8f\xbb\xf0\x9f\x99\x8f\xf0\x9f\x8f\xbb\xf0\x9f\x99\x8f\xf0\x9f\x8f\xbb https://t.co/XkunuoC9T6'
1356615054842552320,2021-02-02 14:46:48+00:00,b'https://t.co/zEMS84bz2k'
1356615032411455491,2021-02-02 14:46:43+00:00,b'https://t.co/iM0c3a7mec'
1356615013247684610,2021-02-02 14:46:38+00:00,b'https://t.co/93mkSsHwA8'
1356610329573269507,2021-02-02 14:28:01+00:00,b'Buen d\xc3\xada \xf0\x9f\x8c\x8e que tengan estupendo Martes. Dios les bendiga. Ya por aqu\xc3\xad andamos trabajando. https://t.co/vJGUiU4YN6'
1356561791460003845,2021-02-02 11:15:09+00:00,b'https://t.co/vO7na60Xi6'
1356561769578303488,2021-02-02 11:15:04+00:00,b'https://t.co/yBB1yrkSe4'
1356561747004555265,2021-02-02 11:14:58+00:00,b'https://t.co/JRfZNlhhL4'
1356561725328404480,2021-02-02 11:14:53+00:00,b'https://t.co/vE8HqByafL'
1356561701274071040,2021-02-02 11:14:47+00:00,b'https://t.co/KKloDrouW9'
1356561679220412417,2021-02-02 11:14:42+00:00,b'https://t.co/iHtP0o1wIZ'
1356561654880874498,2021-02-02 11:14:36+00:00,b'https://t.co/VS0HJTJLOL'
1356561630767812608,2021-02-02 11:14:31+00:00,b'https://t.co/vxL0U4M4n6'
1356561603387392001,2021-02-02 11:14:24+00:00,b'https://t.co/NIsBfShLxu'
1356561574518001670,2021-02-02 11:14:17+00:00,b'https://t.co/pUOh3mNOwC'
1356561549645799425,2021-02-02 11:14:11+00:00,b'https://t.co/tTg9ZxrRgU'
1356561521480990721,2021-02-02 11:14:05+00:00,b'https://t.co/HhiEt1PacV'
1356231136268210182,2021-02-01 13:21:15+00:00,b'https://t.co/te53xX8Y6y'
1356229447247147019,2021-02-01 13:14:32+00:00,b'https://t.co/K1cwRg5IKX'
1356229423155081217,2021-02-01 13:14:26+00:00,b'https://t.co/RZFWjtAQir'
1356229399369166849,2021-02-01 13:14:20+00:00,b'https://t.co/A0eXUQr9La'
1356229374954131456,2021-02-01 13:14:15+00:00,b'https://t.co/HjwxKZfIbN'
1356229348332871680,2021-02-01 13:14:08+00:00,b'https://t.co/taQ2SBrNMN'
1356229319232774146,2021-02-01 13:14:01+00:00,b'https://t.co/2MgvH98OR2'
1356229291013337089,2021-02-01 13:13:55+00:00,b'https://t.co/ymschGukvy'
1356229263414931459,2021-02-01 13:13:48+00:00,b'https://t.co/k0wa6mhepx'
1356229238496632838,2021-02-01 13:13:42+00:00,b'https://t.co/9oQoliiwki'
1356229211816685570,2021-02-01 13:13:36+00:00,b'https://t.co/4YIrnrVKc5'
1356229186541805570,2021-02-01 13:13:30+00:00,b'https://t.co/KRKR8ayzSB'
1356051761958686724,2021-02-01 01:28:28+00:00,b'https://t.co/dWbYmcLe3w'
1356051739623960583,2021-02-01 01:28:23+00:00,b'https://t.co/emovsZ0lVA'
1356051719432638465,2021-02-01 01:28:18+00:00,b'https://t.co/EaJvDdQUq6'
1356051695923572742,2021-02-01 01:28:13+00:00,b'https://t.co/on61TLt1q5'
1356018557939838981,2021-01-31 23:16:32+00:00,b'https://t.co/59WdMWd5KT'
1356018535189909517,2021-01-31 23:16:27+00:00,b'https://t.co/59gqPx91sm'
1356018513274671107,2021-01-31 23:16:21+00:00,b'https://t.co/89BqIbNIzE'
1356018490528976902,2021-01-31 23:16:16+00:00,b'https://t.co/UJSW7EZUzg'
1356018472434749440,2021-01-31 23:16:12+00:00,b'https://t.co/TXDfJ9C818'
1355939267416100864,2021-01-31 18:01:28+00:00,b'Domingueando- Muy contento y agradecido con Dios. https://t.co/ypVIdsLNIP'
1355906683902570500,2021-01-31 15:51:59+00:00,b'@monicagarzag \xf0\x9f\x91\x8f\xf0\x9f\x8f\xbb\xf0\x9f\x91\x8f\xf0\x9f\x8f\xbb\xf0\x9f\x91\x8f\xf0\x9f\x8f\xbb'
1355878616215801857,2021-01-31 14:00:27+00:00,b'https://t.co/UEwe25qjze'
1355878596364140548,2021-01-31 14:00:23+00:00,b'https://t.co/MPFlBV8z4f'
1355877400295452673,2021-01-31 13:55:37+00:00,b'https://t.co/NOtPlgWLwN'
1355874731254284291,2021-01-31 13:45:01+00:00,b'Muy buenos d\xc3\xadas querido \xf0\x9f\x8c\x8e disfruten este Domingo y cu\xc3\xaddense por favor. Dios les bendiga.'
1355874561674375169,2021-01-31 13:44:21+00:00,b'https://t.co/Yj3y4KzK1b'
1355874540203749376,2021-01-31 13:44:15+00:00,b'https://t.co/7gmpcCjIaa'
1355874518301073411,2021-01-31 13:44:10+00:00,b'https://t.co/KEvh0fkRQl'
1355874493747646466,2021-01-31 13:44:04+00:00,b'https://t.co/dpJJECR93c'
1355874471052255232,2021-01-31 13:43:59+00:00,b'https://t.co/chW8n1TyS4'
1355874445752197121,2021-01-31 13:43:53+00:00,b'https://t.co/AtLiOa4cL2'
1355874422033412100,2021-01-31 13:43:47+00:00,b'https://t.co/nyZOjJ4CxA'
1355874397362520064,2021-01-31 13:43:41+00:00,b'https://t.co/S96l7Jrn33'
1355874370216976389,2021-01-31 13:43:35+00:00,b'https://t.co/ewtQ7QTIq7'
1355874344258465793,2021-01-31 13:43:29+00:00,b'https://t.co/OahJcNbrZx'
1355874318912266243,2021-01-31 13:43:23+00:00,b'https://t.co/cFpRFEy0vH'
1355874289375981570,2021-01-31 13:43:16+00:00,b'https://t.co/gDTMzWIsKC'
1355519161175339009,2021-01-30 14:12:07+00:00,b'https://t.co/86GneA1Fc0'
1355519139654344709,2021-01-30 14:12:01+00:00,b'https://t.co/zOZN0hDAfT'
1355519116459855875,2021-01-30 14:11:56+00:00,b'https://t.co/Mm7f0Uvaak'
1355519093022072838,2021-01-30 14:11:50+00:00,b'https://t.co/5J7jgZ0kEi'
1355519068812554242,2021-01-30 14:11:44+00:00,b'https://t.co/Q6YjvmHBas'
1355519045181837313,2021-01-30 14:11:39+00:00,b'https://t.co/kxQCmaDNeV'
1355519015725240320,2021-01-30 14:11:32+00:00,b'https://t.co/1276K1kAQJ'
1355518991486357506,2021-01-30 14:11:26+00:00,b'https://t.co/AFpvQSvenR'
1355518967473967107,2021-01-30 14:11:20+00:00,b'https://t.co/ixqTBPM1wH'
1355518942052298753,2021-01-30 14:11:14+00:00,b'https://t.co/WEG7pMAz1t'
1355518916743864324,2021-01-30 14:11:08+00:00,b'https://t.co/kpxojDcrDj'
1355518895348715521,2021-01-30 14:11:03+00:00,b'https://t.co/A4iajAomPI'
1355262614658572297,2021-01-29 21:12:41+00:00,b'https://t.co/p6Rdq594YZ'
1355262594446143489,2021-01-29 21:12:36+00:00,b'https://t.co/Qkf57mB8iG'
1355262574271590412,2021-01-29 21:12:31+00:00,b'https://t.co/S5iiwsVPWK'
1355221223169531905,2021-01-29 18:28:13+00:00,b'Visitando el estupendo equipo de @VengaLaAlegria el mejor matutino de la Televisi\xc3\xb3n Mexicana @AztecaUNO https://t.co/REMhOfZRE6'
1355118616149110784,2021-01-29 11:40:29+00:00,b'https://t.co/Bu0xuIjd1z'
1355118592929505283,2021-01-29 11:40:24+00:00,b'https://t.co/jKUOwu2d0A'
1355118569739218951,2021-01-29 11:40:18+00:00,b'https://t.co/s1HsBCi2U0'
1355118548784394241,2021-01-29 11:40:13+00:00,b'https://t.co/hytYuY14Xm'
1355118524570755072,2021-01-29 11:40:07+00:00,b'https://t.co/mH2f0l5C3A'
1355118501011337218,2021-01-29 11:40:02+00:00,b'https://t.co/D2olIkTf4s'
1355118478685040640,2021-01-29 11:39:56+00:00,b'https://t.co/UDTcwNuCp3'
1355118454790098947,2021-01-29 11:39:51+00:00,b'https://t.co/floYkg8Eoo'
1355118431360659456,2021-01-29 11:39:45+00:00,b'https://t.co/dBSR5JE9ke'
1355118404810764290,2021-01-29 11:39:39+00:00,b'https://t.co/sIDFrbU4u3'
1355118381251387392,2021-01-29 11:39:33+00:00,b'https://t.co/VOhnFPuCe9'
1355118351081566213,2021-01-29 11:39:26+00:00,b'https://t.co/OUcv2F3Icx'
1354836366195101699,2021-01-28 16:58:56+00:00,b'Muy feliz cumplea\xc3\xb1os querido @pedrosola mis mejores deseos siempre. Abrazo con mucho afecto.'
1354756001979891716,2021-01-28 11:39:35+00:00,b'Les deseo muy buenos d\xc3\xadas \xf0\x9f\x8c\x8e que sea un productivo Jueves y que Dios les bendiga siempre. Cu\xc3\xaddense por favor. Y saluden que no dormimos juntos.'
1354754045249003521,2021-01-28 11:31:49+00:00,b'https://t.co/Zt90psIbih'
1354754023757402114,2021-01-28 11:31:44+00:00,b'https://t.co/R3M5t79iGQ'
1354754001565310978,2021-01-28 11:31:38+00:00,b'https://t.co/gPqztmuI44'
1354753979947872256,2021-01-28 11:31:33+00:00,b'https://t.co/ghlcK49goc'
1354753958045233161,2021-01-28 11:31:28+00:00,b'https://t.co/LL8VhVjkBv'
1354753934439624706,2021-01-28 11:31:22+00:00,b'https://t.co/L5HHAKSWRS'
1354753908996976642,2021-01-28 11:31:16+00:00,b'https://t.co/Gb2QH099P2'
1354753884959473665,2021-01-28 11:31:10+00:00,b'https://t.co/5MnoEs2DwL'
1354753862243123202,2021-01-28 11:31:05+00:00,b'https://t.co/r0yCpjfU9r'
1354753838654382080,2021-01-28 11:30:59+00:00,b'https://t.co/fqsgulLnDG'
1354753814176399360,2021-01-28 11:30:54+00:00,b'https://t.co/XAbOCrx3KM'
1354753792206647297,2021-01-28 11:30:48+00:00,b'https://t.co/L0j9ixmXSD'
1354753765195345921,2021-01-28 11:30:42+00:00,b'https://t.co/pmgwHSVK9g'
1354753740243431430,2021-01-28 11:30:36+00:00,b'https://t.co/lHv0Arlr91'
1354629490903818241,2021-01-28 03:16:53+00:00,b'Se agradecen siempre las ideas y sugerencias. Muchas gracias. https://t.co/emlYNCquAt'
1354392698145415169,2021-01-27 11:35:57+00:00,b'https://t.co/N78wy0SRlk'
1354392678440579073,2021-01-27 11:35:52+00:00,b'https://t.co/M8tiKztfc7'
1354392658639253508,2021-01-27 11:35:47+00:00,b'https://t.co/lM8KDWHRgY'
1354392638032633858,2021-01-27 11:35:42+00:00,b'https://t.co/G0tCOMbbS7'
1354392616582991872,2021-01-27 11:35:37+00:00,b'https://t.co/ZxOdTH73cw'
1354392595917664257,2021-01-27 11:35:32+00:00,b'https://t.co/Wp4Rbn8Xhq'
1354392572400201729,2021-01-27 11:35:27+00:00,b'https://t.co/W56iS9RAA4'
1354392550396854272,2021-01-27 11:35:22+00:00,b'https://t.co/nJKzRMt6Sn'
1354392525801476099,2021-01-27 11:35:16+00:00,b'https://t.co/Mo0e8jThtt'
1354392501445156866,2021-01-27 11:35:10+00:00,b'https://t.co/Cq4SLWlndB'
1354392479123058688,2021-01-27 11:35:05+00:00,b'https://t.co/2s5UqNeYQu'
1354392453344849920,2021-01-27 11:34:58+00:00,b'https://t.co/MH0sBEZDMK'
1354392433329659911,2021-01-27 11:34:54+00:00,b'https://t.co/ajKAlXvVPe'
1354100178953916421,2021-01-26 16:13:35+00:00,b'EXATL\xc3\x93N el Fen\xc3\xb3meno de la Televisi\xc3\xb3n Mexicana hoy 7:30 pm @AztecaUNO https://t.co/egmMQQRSkJ'
1354084917030887439,2021-01-26 15:12:56+00:00,b'Domingo 7 de Febrero @AztecaSiete #LaLeyDelMasFuerte https://t.co/6OACL9ODNY'
1354028271546068993,2021-01-26 11:27:51+00:00,b'https://t.co/qufC4HWGll'
1354028250939469824,2021-01-26 11:27:46+00:00,b'https://t.co/4NEhC7qfDj'
1354028230345420801,2021-01-26 11:27:41+00:00,b'https://t.co/Za2qCApMtE'
1354028211089383425,2021-01-26 11:27:36+00:00,b'https://t.co/4dOeoQyvAy'
1354028187051810816,2021-01-26 11:27:31+00:00,b'https://t.co/j9vufVAC4e'
1354028165035909120,2021-01-26 11:27:25+00:00,b'https://t.co/4lYbea4QIx'
1354028139698073601,2021-01-26 11:27:19+00:00,b'https://t.co/IZBsWud3kd'
1354028114075070465,2021-01-26 11:27:13+00:00,b'https://t.co/11qMqtKNFq'
1354028067954565122,2021-01-26 11:27:02+00:00,b'https://t.co/dY8nnmOsW6'
1354028045410197504,2021-01-26 11:26:57+00:00,b'https://t.co/6EFJC9xvFY'
1354028024593870848,2021-01-26 11:26:52+00:00,b'https://t.co/miEukTfH3A'
1354027999235084288,2021-01-26 11:26:46+00:00,b'https://t.co/zYiFZJ5JQQ'
1354027980708839425,2021-01-26 11:26:41+00:00,b'https://t.co/M7r8bvhBz8'
1353862844970885120,2021-01-26 00:30:30+00:00,"b'Muchas felicidades querido @SalinasBenjamin lo mejor est\xc3\xa1 por venir, con tu liderazgo y talento. Abrazo con gran afecto. https://t.co/9mwswJdngV'"
1353862513457324035,2021-01-26 00:29:11+00:00,b'Felicidades querido @Rafa_RodriguezS y efectivamente juntos somos m\xc3\xa1s fuertes. Unidos los enfrentaremos. Abrazo con afecto. https://t.co/w2kFhlWd3R'
1353850253947056129,2021-01-25 23:40:28+00:00,"b'RT @RicardoBSalinas: En hora buena @Rafa_RodriguezS, vamos a seguir innovando, pero sobre todo, hay que trabajar para tener un excelente 20\xe2\x80\xa6'"
1353828458204426242,2021-01-25 22:13:52+00:00,b'RT @RicardoBSalinas: #BuenasTardes con mucho orgullo les comparto que he nombrado a mi hijo @SalinasBenjamin Vicepresidente del Consejo de\xe2\x80\xa6'
1353812291591004160,2021-01-25 21:09:37+00:00,b'https://t.co/CtNawzA2LK'
1353812270992789505,2021-01-25 21:09:32+00:00,b'https://t.co/iE1Fl14qo9'
1353707891589591040,2021-01-25 14:14:46+00:00,b'Buen inicio de semana para tod@s y que Dios les bendiga. Trabajando ando @azteca https://t.co/TpAq4px3rK'
1353665288970133504,2021-01-25 11:25:29+00:00,b'https://t.co/82odnYlKvX'
1353665267830812672,2021-01-25 11:25:24+00:00,b'https://t.co/qIBy9ORzxR'
1353665247975010304,2021-01-25 11:25:19+00:00,b'https://t.co/HIvKKWchME'
1353665227158663170,2021-01-25 11:25:14+00:00,b'https://t.co/UfiNsjtbJL'
1353665206048718849,2021-01-25 11:25:09+00:00,b'https://t.co/Hbo4yTlZdS'
1353665185106554881,2021-01-25 11:25:04+00:00,b'https://t.co/wwSDd8DuQO'
1353665160595046401,2021-01-25 11:24:58+00:00,b'https://t.co/xiG6sebyNm'
1353665143339687936,2021-01-25 11:24:54+00:00,b'https://t.co/p3VSV9YnGl'
1353665122720493568,2021-01-25 11:24:49+00:00,b'https://t.co/eznjLqc8L2'
1353665099957985282,2021-01-25 11:24:44+00:00,b'https://t.co/EtprX4n0ni'
1353665076323098624,2021-01-25 11:24:38+00:00,b'https://t.co/KnjchsZbLp'
1353665050125463552,2021-01-25 11:24:32+00:00,b'https://t.co/gg6BF4Tszc'
1353665019842596864,2021-01-25 11:24:25+00:00,b'https://t.co/OBQ7J6fpC4'
1353664669156839424,2021-01-25 11:23:01+00:00,b'https://t.co/HZD36pyKxV'
1353334223999004674,2021-01-24 13:29:57+00:00,b'Muy buenos d\xc3\xadas querido \xf0\x9f\x8c\x8e les deseo estupendo Domingo y que Dios les bendiga.'
1353327803056476160,2021-01-24 13:04:26+00:00,b'https://t.co/WAudIVs04P'
1353327781153808384,2021-01-24 13:04:21+00:00,b'https://t.co/lBfYl9PjRI'
1353327758391308289,2021-01-24 13:04:15+00:00,b'https://t.co/kM1cu1vffo'
1353327733057662981,2021-01-24 13:04:09+00:00,b'https://t.co/jXAWAm9wKn'
1353327711314456576,2021-01-24 13:04:04+00:00,b'https://t.co/DApOkEhsvv'
1353325187371040770,2021-01-24 12:54:02+00:00,b'https://t.co/SxQIc27gWl'
1353325164575019008,2021-01-24 12:53:57+00:00,b'https://t.co/cMTTYiIzIo'
1353325142210973696,2021-01-24 12:53:52+00:00,b'https://t.co/sorbTDzONS'
1353325112632766469,2021-01-24 12:53:45+00:00,b'https://t.co/3hYLrcJ39T'
1353325091594055686,2021-01-24 12:53:40+00:00,b'https://t.co/jqYZCa63pJ'
1353325069846650880,2021-01-24 12:53:34+00:00,b'https://t.co/PA8W8mcJgH'
1353325045263835137,2021-01-24 12:53:29+00:00,b'https://t.co/hr0RZ82qZH'
1353098469641232385,2021-01-23 21:53:09+00:00,b'https://t.co/OJvhU7XaIg'
1353098448556404737,2021-01-23 21:53:04+00:00,b'https://t.co/gBng4kTQoe'
1353098418642694144,2021-01-23 21:52:57+00:00,b'https://t.co/jSvZgUHcaw'
1353000404209070080,2021-01-23 15:23:28+00:00,b'Buen d\xc3\xada \xf0\x9f\x8c\x8e saludos desde la Ciudad de M\xc3\xa9xico \xf0\x9f\x87\xb2\xf0\x9f\x87\xbd estupendo s\xc3\xa1bado y que Dios les bendiga... y saluden que no dormimos juntos. https://t.co/qzN6mfxLNo'
1352973792558067713,2021-01-23 13:37:43+00:00,b'Muy buen d\xc3\xada \xf0\x9f\x8c\x8e les deseo estupendo S\xc3\xa1bado. Dios les bendiga. Cu\xc3\xaddense por favor.'
1352973576027197442,2021-01-23 13:36:52+00:00,b'https://t.co/a2GTK1dc72'
1352973555038887936,2021-01-23 13:36:47+00:00,b'https://t.co/OO7CCsjJ3I'
1352973534025424898,2021-01-23 13:36:42+00:00,b'https://t.co/DdInaIseGc'
1352973512361848833,2021-01-23 13:36:37+00:00,b'https://t.co/pFsoaGylnM'
1352973490207551494,2021-01-23 13:36:31+00:00,b'https://t.co/bwwH6tZyLf'
1352973467696721920,2021-01-23 13:36:26+00:00,b'https://t.co/GpEIUuWMJi'
1352973443294253057,2021-01-23 13:36:20+00:00,b'https://t.co/7g9uwcoUcz'
1352973421303492608,2021-01-23 13:36:15+00:00,b'https://t.co/xjLDgTjzR7'
1352973398108942336,2021-01-23 13:36:09+00:00,b'https://t.co/sj9tSzvP5p'
1352973372343382021,2021-01-23 13:36:03+00:00,b'https://t.co/uCJtOxyygw'
1352973346141560836,2021-01-23 13:35:57+00:00,b'https://t.co/UjeD87PzMO'
1352973319507742721,2021-01-23 13:35:51+00:00,b'https://t.co/gduWOhuhSS'
1352781081104281600,2021-01-23 00:51:57+00:00,b'https://t.co/JAvdPxdPS6'
1352781060111802368,2021-01-23 00:51:52+00:00,b'https://t.co/vqSNlOF61i'
1352781037819060226,2021-01-23 00:51:47+00:00,b'https://t.co/ZVKNhbwBkX'
1352778591247982592,2021-01-23 00:42:04+00:00,b'EXATL\xc3\x93N: el Fen\xc3\xb3meno de la Televisi\xc3\xb3n Mexicana. https://t.co/Im5ViRs1Ad'
1352702437510049792,2021-01-22 19:39:27+00:00,b'https://t.co/566IjaGQvv'
1352702418979581960,2021-01-22 19:39:23+00:00,b'https://t.co/S2w0I165x1'
1352702399316701192,2021-01-22 19:39:18+00:00,b'https://t.co/RyVcsDguxW'
1352700216579936265,2021-01-22 19:30:38+00:00,b'Muchas felicidades a mi querida @ChapoyPati y a todo su equipo por estos 25 a\xc3\xb1os exitosos y trascendentes de @VentaneandoUno el mejor programa de espect\xc3\xa1culos que ha existido en M\xc3\xa9xico @AztecaUNO https://t.co/UBpK6UgGIk'
1352676433068511234,2021-01-22 17:56:07+00:00,b'Aterrizando en Ciudad de M\xc3\xa9xico \xf0\x9f\x87\xb2\xf0\x9f\x87\xbd https://t.co/PrcOb2lut1'
1352608605799907338,2021-01-22 13:26:36+00:00,b'https://t.co/59HlyO5w25'
1352608585952460802,2021-01-22 13:26:31+00:00,b'https://t.co/ipapV3N5pd'
1352608564360179713,2021-01-22 13:26:26+00:00,b'https://t.co/xvTNzLAyH4'
1352608545804574723,2021-01-22 13:26:22+00:00,b'\xe2\x9c\x88\xef\xb8\x8f rumbo a M\xc3\xa9xico \xf0\x9f\x87\xb2\xf0\x9f\x87\xbd https://t.co/Sz05wWXsNj'
1352572446059200513,2021-01-22 11:02:55+00:00,b'Les deseo productivo Viernes y que Dios les bendiga. https://t.co/vrUe9yfwrS'
1352571142045888513,2021-01-22 10:57:44+00:00,b'https://t.co/NRIAtedpHt'
1352571121858736129,2021-01-22 10:57:39+00:00,b'https://t.co/QaUtBDZQYo'
1352571101696712705,2021-01-22 10:57:34+00:00,b'https://t.co/7MrJUNfj4U'
1352571079982784512,2021-01-22 10:57:29+00:00,b'https://t.co/jZnBwUeMp4'
1352571058759622656,2021-01-22 10:57:24+00:00,b'https://t.co/7BgBgpsU8z'
1352571031244959746,2021-01-22 10:57:18+00:00,b'https://t.co/jCmK0bS8fJ'
1352571002740502529,2021-01-22 10:57:11+00:00,b'https://t.co/wnLe3saQkz'
1352570981018173440,2021-01-22 10:57:06+00:00,b'https://t.co/sV7MWy1EoZ'
1352570957832081408,2021-01-22 10:57:00+00:00,b'https://t.co/8rOjUVvtic'
1352570935455440896,2021-01-22 10:56:55+00:00,b'https://t.co/GOOMpSTPC5'
1352570911833128962,2021-01-22 10:56:49+00:00,b'https://t.co/YsDmsUtV5c'
1352570888617660416,2021-01-22 10:56:44+00:00,b'https://t.co/kcKabPcKdI'
1352570864420724737,2021-01-22 10:56:38+00:00,b'https://t.co/z3LVUui2jb'
1352434907260317698,2021-01-22 01:56:23+00:00,b'https://t.co/aov5SsDOHp'
1352434239816544256,2021-01-22 01:53:44+00:00,b'https://t.co/fKbOEtZoms'
1352434219147030529,2021-01-22 01:53:39+00:00,b'https://t.co/j7YUbW8gm8'
1352434199878365184,2021-01-22 01:53:34+00:00,b'https://t.co/OvQNrdMF5y'
1352275962776457219,2021-01-21 15:24:48+00:00,b'https://t.co/ubVp6rZLug'
1352275941318406145,2021-01-21 15:24:43+00:00,b'https://t.co/74dIBTutPX'
1352275920267186178,2021-01-21 15:24:38+00:00,b'https://t.co/pjNcZ9Q6G7'
1352255690820235266,2021-01-21 14:04:15+00:00,b'Les deseo muy buen d\xc3\xada. Dios les bendiga.'
1352244749315530752,2021-01-21 13:20:46+00:00,b'En @_CorazonGrupero @AztecaUNO https://t.co/fCvU5suzJy'
1352224207824941057,2021-01-21 11:59:08+00:00,b'https://t.co/8rzhLy4Nmv'
1352224185922281478,2021-01-21 11:59:03+00:00,b'https://t.co/XRp7pqLLCX'
1352224165420523521,2021-01-21 11:58:58+00:00,b'https://t.co/sel8fON4Ve'
1352224141689167872,2021-01-21 11:58:53+00:00,b'https://t.co/RVeRVOawBD'
1352224119362899970,2021-01-21 11:58:47+00:00,b'https://t.co/0toUr37baY'
1352224093991563264,2021-01-21 11:58:41+00:00,b'https://t.co/cqt20sRpEI'
1352224069454876674,2021-01-21 11:58:35+00:00,b'https://t.co/HCdkhl0Gkf'
1352224045039812609,2021-01-21 11:58:30+00:00,b'https://t.co/r9XqikPuca'
1352224019710406656,2021-01-21 11:58:24+00:00,b'https://t.co/qR5HjhSrm8'
1352223996411064322,2021-01-21 11:58:18+00:00,b'https://t.co/BeyjwD8Fwg'
1352223969865330688,2021-01-21 11:58:12+00:00,b'https://t.co/qpZtPuXmqi'
1352223945165045760,2021-01-21 11:58:06+00:00,b'https://t.co/FozZOew97X'
1352223920057942021,2021-01-21 11:58:00+00:00,b'https://t.co/kYon5s5nIl'
1352223895248662528,2021-01-21 11:57:54+00:00,b'https://t.co/rvde0FBbAu'
1352223866819637250,2021-01-21 11:57:47+00:00,b'https://t.co/hq9CIWTTk0'
1352078327448694786,2021-01-21 02:19:28+00:00,b'Muy pronto @AztecaUNO https://t.co/BWLAiNx9RB'
1352050911426846721,2021-01-21 00:30:31+00:00,b'Ya de regreso. Gracias por sus mensajes y buenos deseos. Fueron buenas semanas de reflexi\xc3\xb3n. Dios les bendiga siempre. https://t.co/FlunDKhDnY'
1352049400944730112,2021-01-21 00:24:31+00:00,b'https://t.co/Q4dZoE9PJm'
1352049380703019010,2021-01-21 00:24:26+00:00,b'https://t.co/uRdwpp8qfs'
1352049358766796800,2021-01-21 00:24:21+00:00,b'https://t.co/QGUfdIlDTd'
1352049336855752705,2021-01-21 00:24:16+00:00,b'https://t.co/O24CGxn8y8'
1352049313778696194,2021-01-21 00:24:10+00:00,b'https://t.co/S12cgODnaB'
1352049292291301376,2021-01-21 00:24:05+00:00,b'https://t.co/lyweuvYE4y'
1352049268169859072,2021-01-21 00:24:00+00:00,b'https://t.co/Zd0tDsgUc3'
1352049244950163457,2021-01-21 00:23:54+00:00,b'https://t.co/himymUSbJG'
1352044825835679752,2021-01-21 00:06:20+00:00,b'https://t.co/reEJVix2BB'
1352044800883765250,2021-01-21 00:06:14+00:00,b'https://t.co/fVFYIsGz1f'
1352044779828367364,2021-01-21 00:06:09+00:00,b'https://t.co/gLc3YEie3o'
1352044759645360129,2021-01-21 00:06:05+00:00,b'https://t.co/AQbngwwXYm'
1352044737939845122,2021-01-21 00:05:59+00:00,b'https://t.co/kygl2GAihB'
1352044709884125185,2021-01-21 00:05:53+00:00,b'https://t.co/bkIIkYq9i4'
1352044687549493253,2021-01-21 00:05:47+00:00,b'https://t.co/jvjBrdCBth'
1352044663876759552,2021-01-21 00:05:42+00:00,b'https://t.co/ycAQ2ZSElO'
1352044640350969856,2021-01-21 00:05:36+00:00,b'https://t.co/Yy8UJah3aY'
1352044615344529409,2021-01-21 00:05:30+00:00,b'https://t.co/EXRMLTLbWX'
1352044568389312515,2021-01-21 00:05:19+00:00,b'https://t.co/v0AHtGgmWV'
1339960867518099457,2020-12-18 15:49:00+00:00,b'https://t.co/tAoN7kH2HZ'
1339660148013490177,2020-12-17 19:54:03+00:00,b'https://t.co/gnEjCkeWde'
1339652872171085826,2020-12-17 19:25:08+00:00,b'Hay momentos en la vida en los qu\xc3\xa9 hay que tomar un respiro y renovarnos para regresar con impulso y fuerza. Este es uno de esos momentos. Tomar\xc3\xa9 uno de esos momentos. Tomar\xc3\xa9 unas semanas para mi y lejos de las redes sociales y pronto estar\xc3\xa9 de regreso con mis br\xc3\xados que nunca.'
1339389709592702985,2020-12-17 01:59:26+00:00,"b'Miren el esp\xc3\xadritu que traigo de la Navidad. Les deseo lo mejor. Dios les bendiga mucho. Y por cierto, eso que me desean, varios por cierto, que Dios se los multiplique . https://t.co/dj3E4r0yiK'"
1339385869388697600,2020-12-17 01:44:10+00:00,b'Sin comentarios. https://t.co/Fqi9WTvnGK'
1339229819385602050,2020-12-16 15:24:05+00:00,b'https://t.co/blLpdCneQY'
1339229798309261317,2020-12-16 15:24:00+00:00,b'https://t.co/xucGHHzJ2I'
1339229774376558593,2020-12-16 15:23:54+00:00,b'https://t.co/LLrEVtjg8z'
1339229006357540871,2020-12-16 15:20:51+00:00,b'#Repost @azteca\n\xe3\x83\xbb\xe3\x83\xbb\xe3\x83\xbb\nEste 2020 @tvaztecainternacional lleva la mejor televisi\xc3\xb3n a m\xc3\xa1s de 48 millones de personas en M\xc3\xa9xico. Gracias a todos por dejarnos acompa\xc3\xb1arlos. https://t.co/GIsmtxzIVC'
1339164405720727552,2020-12-16 11:04:09+00:00,b'https://t.co/jWEnkCn4Gn'
1339164382840967169,2020-12-16 11:04:03+00:00,b'https://t.co/gW4u2MszQP'
1339164359201841154,2020-12-16 11:03:58+00:00,b'https://t.co/v8KjuvfcvE'
1339164335864733698,2020-12-16 11:03:52+00:00,b'https://t.co/fT4mNaT1GC'
1339164312175321088,2020-12-16 11:03:47+00:00,b'https://t.co/WnkzxWYcDh'
1339164290067165184,2020-12-16 11:03:41+00:00,b'https://t.co/sgZxNPL0t2'
1339164264951640065,2020-12-16 11:03:35+00:00,b'https://t.co/St8Dq349YX'
1339164240037474305,2020-12-16 11:03:29+00:00,b'https://t.co/7tKaNTJLhG'
1339164215303606274,2020-12-16 11:03:24+00:00,b'https://t.co/LdOVeqxdTv'
1339164191714906112,2020-12-16 11:03:18+00:00,b'https://t.co/g6tF7d3o1X'
1339164166737842176,2020-12-16 11:03:12+00:00,b'https://t.co/P5akcSnJdv'
1339164141882314753,2020-12-16 11:03:06+00:00,b'https://t.co/BI2s2pmFKP'
1339164110529892353,2020-12-16 11:02:59+00:00,b'https://t.co/5OGd1hAp4A'
1339164088702803971,2020-12-16 11:02:53+00:00,b'https://t.co/B7UxagVmwK'
1339045302821654528,2020-12-16 03:10:53+00:00,b'https://t.co/UA93ynatzA'
1339035653124874241,2020-12-16 02:32:32+00:00,"b'#Repost @benjaminsalinassada\n\xe3\x83\xbb\xe3\x83\xbb\xe3\x83\xbb\nCon @tvaztecainternacional llevamos la mejor televisi\xc3\xb3n a m\xc3\xa1s de 250 millones de personas en 24 pa\xc3\xadses, incluido M\xc3\xa9xico. Seguimos trabajando juntos para acompa\xc3\xb1ar a millones de familias que cuentan con nosotros. https://t.co/wN0gxEFMRx'"
1338981394563862531,2020-12-15 22:56:56+00:00,b'Esp\xc3\xadritu Navide\xc3\xb1o. Bien y de buenas. https://t.co/BPDQXr3OfG'
1338978670627663872,2020-12-15 22:46:06+00:00,b'https://t.co/vbk5EDTHDa'
1338978653565235206,2020-12-15 22:46:02+00:00,b'https://t.co/9lUjGg6bz0'
1338978634829352971,2020-12-15 22:45:58+00:00,b'https://t.co/2S6NxGpRKr'
1338798288334630912,2020-12-15 10:49:20+00:00,b'https://t.co/8dC8mFiRZZ'
1338798264418791427,2020-12-15 10:49:14+00:00,b'https://t.co/2mQqv5REwd'
1338798242067312641,2020-12-15 10:49:09+00:00,b'https://t.co/FgDXnOwGgz'
1338798217039851526,2020-12-15 10:49:03+00:00,b'https://t.co/YEbKEPUXtT'
1338798193958588416,2020-12-15 10:48:57+00:00,b'https://t.co/flvNcgbyge'
1338798169937809408,2020-12-15 10:48:52+00:00,b'https://t.co/yFOz9mACAB'
1338798143727677443,2020-12-15 10:48:45+00:00,b'https://t.co/OW9o8v1Jn4'
1338798119845310465,2020-12-15 10:48:40+00:00,b'https://t.co/byUvEqrHmp'
1338798095098896385,2020-12-15 10:48:34+00:00,b'https://t.co/rLiErClUIl'
1338798071128449024,2020-12-15 10:48:28+00:00,b'https://t.co/F82xHR7Zo8'
1338798046642118657,2020-12-15 10:48:22+00:00,b'https://t.co/4M2dasSkys'
1338798015759470593,2020-12-15 10:48:15+00:00,b'https://t.co/DDjH0Vop72'
1338660450112856071,2020-12-15 01:41:37+00:00,b'https://t.co/7PPb9HP66o'
1338660428008845312,2020-12-15 01:41:31+00:00,b'https://t.co/9uJGra5OuX'
1338660406886363136,2020-12-15 01:41:26+00:00,b'https://t.co/OYhR8sYul7'
1338505262395764736,2020-12-14 15:24:57+00:00,b'#Repost @azteca\n\xe3\x83\xbb\xe3\x83\xbb\xe3\x83\xbb\nM\xc3\xa1s de 30 millones de mexicanos disfrutan nuestros contenidos cada mes. Con nuestras alianzas estrat\xc3\xa9gicas logramos el cat\xc3\xa1logo de contenido m\xc3\xa1s completo y relevante. https://t.co/hS7IEBeK6i'
1338493811039891459,2020-12-14 14:39:27+00:00,b'Arrancando la semana. Les deseo estupendo d\xc3\xada y que Dios les bendiga. https://t.co/IfMSBtsA4s'
1338444745564184576,2020-12-14 11:24:29+00:00,b'https://t.co/opfuxul7U5'
1338444710319427585,2020-12-14 11:24:20+00:00,b'https://t.co/X6iibMX7WD'
1338444681567490050,2020-12-14 11:24:13+00:00,b'https://t.co/dpSlNpBYKG'
1338444647635558401,2020-12-14 11:24:05+00:00,b'https://t.co/MQYNXpQgb1'
1338444611560361984,2020-12-14 11:23:57+00:00,b'https://t.co/ADcdwBlWq1'
1338444579301896196,2020-12-14 11:23:49+00:00,b'https://t.co/RBaZqVJVQX'
1337219609079001092,2020-12-11 02:16:13+00:00,b'Exactamente. Me identifico mucho con el lobo. https://t.co/KTTtbaXtdP'
1337217252748365826,2020-12-11 02:06:52+00:00,b'Hay que siempre tener compasi\xc3\xb3n y respeto. En realidad cuando Juan habla mal de Pedro. Esta hablando mal de Juan. https://t.co/WlS6CUszkZ'
1337191292539990018,2020-12-11 00:23:42+00:00,b'https://t.co/LZ1CADdJNa'
1337180223125786625,2020-12-10 23:39:43+00:00,b'Lo lamento profundamente. Mis condolencias para tu familia y para ti. Hay que cuidarse. Vivir la vida pero con precauci\xc3\xb3n. https://t.co/GAqCkq2iRo'
1337133711687643141,2020-12-10 20:34:54+00:00,b'#Repost @azteca\n\xe3\x83\xbb\xe3\x83\xbb\xe3\x83\xbb\nEn TV Azteca Digital estamos contigo y cada vez contamos con m\xc3\xa1s fans en nuestras redes sociales y plataformas. En 2020 llegamos a 120 millones de seguidores acumulados en todas nuestras redes. Gracias a todos por preferirnos. \xf0\x9f\xa4\xa9\xf0\x9f\x93\xb1\xf0\x9f\x92\xbb https://t.co/kyJYYyNCKe'
1337132320596365313,2020-12-10 20:29:22+00:00,"b'#Repost @benjaminsalinassada\n\xe3\x83\xbb\xe3\x83\xbb\xe3\x83\xbb\nEn @azteca, nuestra vocaci\xc3\xb3n de vanguardia nos impulsa a llevar el mejor contenido a todos los mexicanos y hoy somos l\xc3\xadderes en el mundo digital. https://t.co/PHoG9hK8oj'"
1337129814818480129,2020-12-10 20:19:25+00:00,b'Trabajo en equipo. Nuevas ideas y m\xc3\xa1s planes para 2021 y as\xc3\xad servir mejor a nuestra audiencia. https://t.co/FXSvkG3xqU'
1337129441160540160,2020-12-10 20:17:56+00:00,b'https://t.co/D934HyWuak'
1337129419220062241,2020-12-10 20:17:50+00:00,b'https://t.co/8viy0bMSYm'
1337129397770444802,2020-12-10 20:17:45+00:00,b'https://t.co/GruSutWJg6'
1337047897553170434,2020-12-10 14:53:54+00:00,b'Muchas felicidades queridos  @cepillintv @CepiJr @rofranky con motivo del D\xc3\xada del Payaso. https://t.co/7kt3wlZF77'
1336993754142695424,2020-12-10 11:18:45+00:00,b'Muy buenos d\xc3\xadas \xf0\x9f\x8c\x8e les deseo estupendo y productivo d\xc3\xada. Dios les bendiga. Cu\xc3\xaddense.'
1336991776163377155,2020-12-10 11:10:54+00:00,b'https://t.co/q1F96MEYVQ'
1336991755108044801,2020-12-10 11:10:49+00:00,b'https://t.co/7uNCibG9Fo'
1336991733238931456,2020-12-10 11:10:43+00:00,b'https://t.co/gaPQ3NNbNJ'
1336991710442885120,2020-12-10 11:10:38+00:00,b'https://t.co/XgIAh4u0j9'
1336991686845747201,2020-12-10 11:10:32+00:00,b'https://t.co/MyMREGXvAt'
1336991663621894145,2020-12-10 11:10:27+00:00,b'https://t.co/rWZisw5V1g'
1336991640234455040,2020-12-10 11:10:21+00:00,b'https://t.co/OtZpgLqwxG'
1336991616805056512,2020-12-10 11:10:16+00:00,b'https://t.co/U1CB8zA7Kg'
1336991589344964610,2020-12-10 11:10:09+00:00,b'https://t.co/XxhsAEgs95'
1336991567517802498,2020-12-10 11:10:04+00:00,b'https://t.co/VODQEuyBnU'
1336991542972723202,2020-12-10 11:09:58+00:00,b'https://t.co/FnyeKeipxZ'
1336991517160972288,2020-12-10 11:09:52+00:00,b'https://t.co/cTLmO8vpSW'
1336991489679888384,2020-12-10 11:09:45+00:00,b'https://t.co/vbFhJsTPy9'
1336991464497307650,2020-12-10 11:09:39+00:00,b'https://t.co/lYpDk1qgPj'
1336991439855767554,2020-12-10 11:09:34+00:00,b'https://t.co/0fju9PyETW'
1336890853508476928,2020-12-10 04:29:52+00:00,"b'Con la ayuda de Dios saldr\xc3\xa1n adelante. Mucha fe. Por eso podemos andar en la calle, pero cuid\xc3\xa9monos . https://t.co/2d44LEniPz'"
1336889477457993728,2020-12-10 04:24:24+00:00,b'Estamos en manos de bur\xc3\xb3cratas que toman decisiones y que les importa poco el bienestar y el sueldo de una familia o de muchas. https://t.co/m6o5HYGXGj'
1336888919309377537,2020-12-10 04:22:11+00:00,"b'No tienes idea de lo que lamento todo esto. P\xc3\xa9simo a\xc3\xb1o, sin duda. Pero con la ayuda de Dios el otro ser\xc3\xa1 mejor. https://t.co/kmApcNJUQH'"
1336888500227076099,2020-12-10 04:20:31+00:00,b'Es que nadie ha sido irresponsable. Preg\xc3\xbantale a la cantidad de gente que vive hoy sin empleo y se muere de hambre. https://t.co/Pbd69llxQy'
1336881498071441408,2020-12-10 03:52:41+00:00,b'Claro que no debemos parar. Sigamos adelante. S\xc3\xb3lo no abusemos. Cuid\xc3\xa9monos. Se puede vivir con esto pero con precauciones. https://t.co/1HjowqJPC8'
1336881250439753729,2020-12-10 03:51:42+00:00,b'Hasta ahora si est\xc3\xa1 en nuestros planes. La Academia es una gran propiedad y muy querida por la audiencia. https://t.co/eEKfAgm5Ld'
1336880356084027392,2020-12-10 03:48:09+00:00,b'Tremendamente complejo. Emocionalmente dif\xc3\xadcil. Pero no me pod\xc3\xada quedar atrapado en eso. https://t.co/iMvaWkZPxE'
1336880031386251264,2020-12-10 03:46:52+00:00,b'Cuando descubrimos que los otros eran malos y m\xc3\xa1s caros \xf0\x9f\x98\xb1\xf0\x9f\x98\x82 https://t.co/8kEvVfPSs6'
1336879782500425728,2020-12-10 03:45:52+00:00,b'No ha sido f\xc3\xa1cil para todos. Nos tom\xc3\xb3 por sorpresa y nos cambi\xc3\xb3 la jugada. https://t.co/FfeyUdazJy'
1336879129279541249,2020-12-10 03:43:17+00:00,"b'S\xc3\xb3lo hablo de mi experiencia personal. Lo \xc3\xbanico que apoyo es qu\xc3\xa9 hay que seguir viviendo, con lad precauciones necesarias. https://t.co/tFbLWuURd2'"
1336878849859129344,2020-12-10 03:42:10+00:00,"b'Tomo todas las medidas necesarias de precauci\xc3\xb3n desde Marzo y hasta hoy, gracias a Dios, estoy bien. Vivo mi vida con muchas precauciones, pero la vivo. https://t.co/0mqq4d51ZL'"
1336878524876148743,2020-12-10 03:40:52+00:00,b'Pues es que la vida sigue. Simplemente hay que tomar los cuidados necesarios. Pero no atrapados en la depresi\xc3\xb3n. https://t.co/txiovRIT53'
1336878247280316416,2020-12-10 03:39:46+00:00,b'Simplemente es mi convicci\xc3\xb3n personal. https://t.co/tFbLWuURd2'
1336876530866262017,2020-12-10 03:32:57+00:00,"b'Me he visto con mi familia, he visto a la gente que amo. Siempre con precauciones. Y ninguno, en meses, le ha pasado nada. No hay que tener miedo al miedo. Hay que cuidarnos y mucho, pero no hay que dejar de vivir.'"
1336875974147923968,2020-12-10 03:30:44+00:00,b'Y cr\xc3\xa9anme que si algo le agradezco a Dios: es tener un trabajo que amo y no haberme visto obligado a estar encerrado entre 4 paredes. Me hubiera vuelto loco. Gracias a Dios mi trabajo es esencial y tengo que seguir adelante.'
1336875505769975809,2020-12-10 03:28:53+00:00,"b'A lo \xc3\xbanico que he aprendido a no tenerle miedo, es al miedo. Disfruto mi vida, con muchas precauciones, lav\xc3\xa1ndome mas manos x n\xc3\xbamero de veces como nunca lo hab\xc3\xada hecho y cuido la distancia de mi entorno.'"
1336874207003758592,2020-12-10 03:23:43+00:00,"b'Y abro hilo, porque soy en edad vulnerable y puedo decir que de Marzo a la fecha he trabajado sin problema y gracias a Dios. S\xc3\xb3lo cuid\xc3\xa1ndome. Nadie me ha obligado a nada. S\xc3\xb3lo cuid\xc3\xa1ndome.'"
1336873344063467521,2020-12-10 03:20:17+00:00,"b'Sobre el virus me han preguntado mi opini\xc3\xb3n: nunca he sido ni ser\xc3\xa9 esclavo del virus. He aprendido a vivir con \xc3\xa9l tomando muchas medidas, pero mi vida no podr\xc3\xada ser encerrado en 4 paredes ni ver a la gente que amo. Y esto va para largo.'"
1336785975180226564,2020-12-09 21:33:07+00:00,b'https://t.co/RAOCNaDy7X'
1336785954623852546,2020-12-09 21:33:02+00:00,b'https://t.co/vQwx4Cnbep'
1336785937108525059,2020-12-09 21:32:58+00:00,b'https://t.co/pmX7OMuqev'
1336714725460160517,2020-12-09 16:50:00+00:00,b'Navidad @AztecaUNO https://t.co/guL7Jgteu8'
1336690946889707527,2020-12-09 15:15:30+00:00,"b'#Repost @azteca\n\xe3\x83\xbb\xe3\x83\xbb\xe3\x83\xbb\nLo mejor del cine mexicano est\xc3\xa1 en @amastv. Este a\xc3\xb1o, 7 de cada 10 hogares han disfrutado de nuestras pel\xc3\xadculas. Gracias por dejarnos acompa\xc3\xb1arlos. https://t.co/fKDdOBVvpd'"
1336634674811195392,2020-12-09 11:31:54+00:00,b'https://t.co/YMfhml4cbd'
1336634652048711680,2020-12-09 11:31:49+00:00,b'https://t.co/l93LhEfgJH'
1336634629298778112,2020-12-09 11:31:43+00:00,b'https://t.co/Dn5FSRLssT'
1336634605831675904,2020-12-09 11:31:38+00:00,b'https://t.co/k6j03o48G4'
1336634582473576449,2020-12-09 11:31:32+00:00,b'https://t.co/5ROOcygLWj'
1336634557785722880,2020-12-09 11:31:26+00:00,b'https://t.co/REIJ8GxkTD'
1336634532657844224,2020-12-09 11:31:20+00:00,b'https://t.co/iJ5Si6nbJd'
